Language,Algorithm,Size,Package,Core(s),GPU,Memory(MB),Time(sec)
C,bubblesort,25000,2.486145,1.185303,0.089722,38.432,0.103396
C,cyclesort,25000,2.774719,1.273682,0.040527,38.456,0.126602
C,heapsort,25000,2.406372,1.197510,0.035583,37.228,0.099023
C,insertionsort,25000,2.607605,1.090698,0.141296,37.544,0.117035
C,mergesort,25000,2.927551,1.469421,0.037415,39.556,0.12174
C,oddevensort,25000,2.581055,1.292297,0.035583,38.508,0.106724
C,quicksort,25000,2.829590,1.385864,0.045105,38.184,0.118055
C,selectionsort,25000,2.539612,1.252930,0.042908,38.044,0.105628
C++,bubblesort,25000,24.720947,7.209595,0.048401,84.94,1.50803
C++,cyclesort,25000,11.838379,6.212219,0.041931,85.132,0.481971
C++,heapsort,25000,11.685547,6.079834,0.050720,85.064,0.477156
C++,insertionsort,25000,11.422363,5.925903,0.034485,84.984,0.470927
C++,mergesort,25000,12.629578,6.446106,0.118835,87.02,0.523897
C++,oddevensort,25000,11.836426,6.205139,0.044800,85.42,0.482218
C++,quicksort,25000,11.638855,5.863037,0.137695,84.764,0.48673
C++,selectionsort,25000,11.696716,6.136841,0.046387,85.168,0.476127
C#,bubblesort,25000,44.112366,10.998962,0.049255,64.988,2.86642
C#,cyclesort,25000,12.628296,6.670715,0.033264,65.432,0.511842
C#,heapsort,25000,12.738831,6.661865,0.036438,63.248,0.521747
C#,insertionsort,25000,12.828918,6.764587,0.034180,69.144,0.522619
C#,mergesort,25000,12.992676,6.634583,0.127930,67.464,0.539141
C#,oddevensort,25000,12.667725,6.764771,0.003479,67.512,0.511278
C#,quicksort,25000,12.939880,6.859253,0.034424,65.508,0.521835
C#,selectionsort,25000,12.663269,6.786011,0.000000,63.472,0.509128
Go,bubblesort,25000,26.799133,4.388000,0.038269,56.556,1.93362
Go,cyclesort,25000,3.694336,1.825989,0.032715,54.908,0.155945
Go,heapsort,25000,4.301453,1.765259,0.031982,54.74,0.213307
Go,insertionsort,25000,4.428833,1.583435,0.031616,56.824,0.240024
Go,mergesort,25000,4.405273,1.573181,0.023010,57.1,0.240371
Go,oddevensort,25000,4.408997,1.703613,0.051453,55.668,0.227695
Go,quicksort,25000,3.943054,1.733398,0.032593,56.516,0.184098
Go,selectionsort,25000,3.954224,1.509216,0.021790,57.876,0.208252
Haskell,bubblesort,25000,337.532715,163.063660,0.157654,631.412,14.8196
Haskell,cyclesort,25000,584.245972,303.960938,0.172974,731.108,23.7327
Haskell,heapsort,25000,309.526855,160.868530,0.142822,642.272,12.5923
Haskell,insertionsort,25000,309.729431,160.947144,0.169800,580.0,12.5995
Haskell,mergesort,25000,309.787292,160.173645,0.149292,600.028,12.6675
Haskell,oddevensort,25000,289.015625,151.300842,0.140930,682.528,11.6609
Haskell,quicksort,25000,306.340637,160.093384,0.093628,594.004,12.393
Haskell,selectionsort,25000,317.320557,165.100952,0.157898,642.6,12.8769
Rust,bubblesort,25000,258.182983,123.072510,0.158020,1074.96,11.5822
Rust,cyclesort,25000,229.534607,121.222473,0.093628,1076.06,9.27268
Rust,heapsort,25000,233.383423,123.110535,0.133606,1085.192,9.43594
Rust,insertionsort,25000,234.409729,123.816345,0.093994,1080.492,9.46728
Rust,mergesort,25000,227.086914,119.806885,0.088745,1098.6,9.18589
Rust,oddevensort,25000,228.819153,120.779663,0.091309,1088.156,9.24435
Rust,quicksort,25000,231.700928,123.211914,0.065979,1092.488,9.29273
Rust,selectionsort,25000,229.062927,120.435425,0.099426,1072.524,9.30442
Swift,bubblesort,25000,371.185059,189.376770,0.218018,142.852,15.6797
Swift,cyclesort,25000,352.756348,186.787109,0.109009,143.368,14.3282
Swift,heapsort,25000,360.003174,189.566711,0.123779,147.508,14.7119
Swift,insertionsort,25000,337.270264,178.718445,0.086060,144.268,13.6894
Swift,mergesort,25000,361.249084,191.474976,0.150574,145.54,14.6462
Swift,oddevensort,25000,352.235657,186.612671,0.089417,143.932,14.3033
Swift,quicksort,25000,360.080017,190.204712,0.106384,145.264,14.6639
Swift,selectionsort,25000,351.293152,185.911133,0.115723,144.116,14.2745
C,bubblesort,25000,2.420959,1.206909,0.030518,38.32,0.100301
C,cyclesort,25000,2.769470,1.356445,0.041748,38.584,0.116361
C,heapsort,25000,2.508423,1.269653,0.037354,37.552,0.102634
C,insertionsort,25000,2.586365,1.174133,0.039673,37.304,0.116627
C,mergesort,25000,2.988831,1.509338,0.039062,39.448,0.124037
C,oddevensort,25000,2.631592,1.257874,0.030090,38.592,0.114692
C,quicksort,25000,2.876221,1.363525,0.045349,38.324,0.124514
C,selectionsort,25000,2.780762,1.401428,0.045837,37.936,0.113661
C++,bubblesort,25000,11.520935,5.905457,0.146179,85.212,0.472025
C++,cyclesort,25000,11.972534,6.228943,0.039185,85.896,0.489792
C++,heapsort,25000,11.727661,6.131531,0.033203,85.608,0.479958
C++,insertionsort,25000,11.512207,6.072266,0.042358,85.032,0.464772
C++,mergesort,25000,12.764587,6.689026,0.032715,87.004,0.520513
C++,oddevensort,25000,11.546753,6.051697,0.043396,85.7,0.4699
C++,quicksort,25000,11.564392,6.062683,0.030762,84.928,0.470433
C++,selectionsort,25000,11.791626,6.134644,0.036621,85.264,0.48483
C#,bubblesort,25000,13.167175,6.894531,0.103516,65.468,0.533373
C#,cyclesort,25000,13.254395,6.997070,0.080200,67.352,0.534638
C#,heapsort,25000,12.960083,6.814392,0.033630,63.336,0.528137
C#,insertionsort,25000,12.884705,6.754333,0.035706,65.52,0.527245
C#,mergesort,25000,12.879333,6.815674,0.024597,67.568,0.522131
C#,oddevensort,25000,13.107239,6.913940,0.032959,63.528,0.532037
C#,quicksort,25000,13.264038,7.011597,0.068542,67.356,0.533993
C#,selectionsort,25000,12.981812,6.867126,0.034912,67.38,0.526411
Go,bubblesort,25000,3.690125,1.715393,0.035522,55.6,0.1649
Go,cyclesort,25000,3.284973,1.484131,0.024353,57.5,0.150447
Go,heapsort,25000,3.834351,1.858887,0.032166,54.84,0.164662
Go,insertionsort,25000,3.767700,1.673157,0.095276,57.364,0.17078
Go,mergesort,25000,3.121826,1.245605,0.042847,57.052,0.157621
Go,oddevensort,25000,3.686523,1.771057,0.029785,56.74,0.159187
Go,quicksort,25000,3.574829,1.789368,0.015015,55.028,0.152096
Go,selectionsort,25000,3.109863,1.433838,0.025879,56.692,0.139668
Haskell,bubblesort,25000,306.853210,160.566895,0.203430,630.884,12.3866
Haskell,cyclesort,25000,586.394775,306.450500,0.153931,715.092,23.6942
Haskell,heapsort,25000,311.485596,162.726379,0.119263,643.188,12.6035
Haskell,insertionsort,25000,309.200989,161.203796,0.243164,651.888,12.5215
Haskell,mergesort,25000,306.449707,159.516602,0.262817,687.436,12.4289
Haskell,oddevensort,25000,288.937073,151.127075,0.182556,670.192,11.6691
Haskell,quicksort,25000,306.001343,159.896973,0.185852,603.9,12.3715
Haskell,selectionsort,25000,325.839783,170.414856,0.159363,666.996,13.1574
Rust,bubblesort,25000,226.821899,119.702026,0.127686,1084.748,9.16186
Rust,cyclesort,25000,228.916931,120.763855,0.104004,1086.036,9.25151
Rust,heapsort,25000,227.095459,120.692932,0.097961,1083.668,9.1124
Rust,insertionsort,25000,224.692139,118.583496,0.086731,1082.96,9.08698
Rust,mergesort,25000,231.189209,121.869263,0.093994,1104.352,9.35617
Rust,oddevensort,25000,236.489075,124.681396,0.105652,1086.9,9.56803
Rust,quicksort,25000,231.212769,122.108337,0.090576,1096.012,9.34816
Rust,selectionsort,25000,228.756958,120.557861,0.101868,1076.128,9.26245
Swift,bubblesort,25000,352.361450,186.914490,0.098633,144.264,14.2891
Swift,cyclesort,25000,340.926331,180.759949,0.070068,143.484,13.8325
Swift,heapsort,25000,374.802490,199.349487,0.127808,147.496,15.2648
Swift,insertionsort,25000,336.087158,179.470398,0.129517,144.368,13.6605
Swift,mergesort,25000,360.071777,192.141907,0.156433,145.536,14.6362
Swift,oddevensort,25000,345.080078,184.152405,0.120544,143.848,14.0444
Swift,quicksort,25000,358.181152,191.275452,0.110596,145.192,14.5683
Swift,selectionsort,25000,339.222900,181.450256,0.132141,144.548,13.7689
C,bubblesort,25000,2.603210,1.178284,0.015503,38.58,0.123188
C,cyclesort,25000,2.397827,1.255127,0.016907,38.58,0.098153
C,heapsort,25000,2.326782,1.169067,0.015259,37.552,0.098457
C,insertionsort,25000,2.170593,1.115479,0.015503,37.348,0.091554
C,mergesort,25000,2.608154,1.364380,0.016541,39.62,0.105452
C,oddevensort,25000,2.555725,1.360901,0.011108,38.716,0.102982
C,quicksort,25000,2.485474,1.304138,0.019531,38.196,0.100935
C,selectionsort,25000,2.710632,1.422668,0.016479,38.068,0.108155
C++,bubblesort,25000,11.460754,6.121338,0.019775,85.424,0.463829
C++,cyclesort,25000,11.723328,6.286682,0.021606,85.86,0.472191
C++,heapsort,25000,11.554810,6.193970,0.031982,85.056,0.462512
C++,insertionsort,25000,10.947632,5.863403,0.019592,84.944,0.443601
C++,mergesort,25000,12.904358,6.890747,0.031067,87.076,0.519434
C++,oddevensort,25000,11.071350,5.911133,0.013794,85.716,0.448927
C++,quicksort,25000,11.642090,6.208618,0.016174,85.32,0.471392
C++,selectionsort,25000,11.238220,5.989258,0.016663,85.068,0.457011
C#,bubblesort,25000,12.907715,6.880371,0.020203,67.332,0.522229
C#,cyclesort,25000,12.979614,6.962891,0.012024,65.432,0.523371
C#,heapsort,25000,12.971497,6.933350,0.027405,69.56,0.524658
C#,insertionsort,25000,12.834412,6.865723,0.010010,67.4,0.521831
C#,mergesort,25000,12.850769,6.885864,0.020630,65.18,0.518546
C#,oddevensort,25000,12.985291,7.007324,0.008850,67.7,0.522188
C#,quicksort,25000,12.823364,6.927063,0.011902,59.26,0.513968
C#,selectionsort,25000,12.979187,6.965454,0.018921,67.352,0.522741
Go,bubblesort,25000,3.228943,1.517761,0.010559,55.192,0.146937
Go,cyclesort,25000,3.272156,1.603699,0.009033,54.504,0.141535
Go,heapsort,25000,3.605469,1.791077,0.008362,56.268,0.154208
Go,insertionsort,25000,2.956360,1.332703,0.011536,57.184,0.138786
Go,mergesort,25000,3.504089,1.844421,0.010254,56.264,0.141734
Go,oddevensort,25000,3.482605,1.626831,0.014526,53.912,0.157767
Go,quicksort,25000,3.040161,1.362488,0.009705,57.084,0.142416
Go,selectionsort,25000,3.531494,1.815674,0.011047,56.86,0.147403
Haskell,bubblesort,25000,307.078369,161.941284,0.125488,631.856,12.4253
Haskell,cyclesort,25000,580.124268,305.756104,0.218872,687.064,23.4622
Haskell,heapsort,25000,303.823853,160.185852,0.145447,635.656,12.2962
Haskell,insertionsort,25000,298.738770,157.178345,0.114990,577.14,12.106
Haskell,mergesort,25000,301.304138,159.074097,0.136475,598.508,12.1647
Haskell,oddevensort,25000,282.366028,149.044373,0.145264,681.712,11.4002
Haskell,quicksort,25000,305.050171,160.757202,0.135437,593.928,12.3533
Haskell,selectionsort,25000,317.559570,167.035645,0.157898,670.036,12.8683
Rust,bubblesort,25000,224.278809,118.966309,0.098633,1087.356,9.10325
Rust,cyclesort,25000,225.997375,120.140015,0.101868,1084.936,9.14883
Rust,heapsort,25000,225.052917,119.794189,0.111633,1080.244,9.09888
Rust,insertionsort,25000,221.081116,117.694275,0.083923,1077.712,8.93863
Rust,mergesort,25000,222.862671,118.885925,0.073425,1101.668,8.99832
Rust,oddevensort,25000,225.034546,119.931763,0.092957,1081.684,9.09299
Rust,quicksort,25000,229.766479,122.378052,0.097900,1084.088,9.29469
Rust,selectionsort,25000,225.987427,120.313293,0.084656,1075.288,9.13751
Swift,bubblesort,25000,338.099548,180.376465,0.127014,144.22,13.7534
Swift,cyclesort,25000,339.234375,181.203735,0.109680,143.424,13.7876
Swift,heapsort,25000,371.992981,198.458008,0.140198,147.044,15.1318
Swift,insertionsort,25000,352.091187,188.235413,0.143677,144.264,14.2988
Swift,mergesort,25000,356.992554,190.724243,0.119751,145.556,14.5066
Swift,oddevensort,25000,335.586426,179.427124,0.132324,143.784,13.6217
Swift,quicksort,25000,360.672302,192.325012,0.142517,145.3,14.6844
Swift,selectionsort,25000,342.660522,182.201294,0.143005,144.176,13.994
C,bubblesort,25000,2.531494,1.197815,0.018494,38.368,0.113448
C,cyclesort,25000,2.301941,1.131104,0.012878,38.584,0.100743
C,heapsort,25000,2.615845,1.359070,0.016968,37.68,0.10655
C,insertionsort,25000,2.073425,1.032349,0.012451,37.3,0.088544
C,mergesort,25000,3.090393,1.469238,0.013794,39.296,0.140239
C,oddevensort,25000,2.180664,1.098633,0.015991,38.72,0.093087
C,quicksort,25000,3.005920,1.570801,0.012329,38.324,0.122416
C,selectionsort,25000,2.108154,1.079529,0.014709,38.196,0.087792
C++,bubblesort,25000,11.432312,6.115662,0.016357,85.5,0.46445
C++,cyclesort,25000,11.457153,6.057129,0.013977,85.448,0.469864
C++,heapsort,25000,11.647217,6.201660,0.013977,85.408,0.473794
C++,insertionsort,25000,11.456787,6.054932,0.023804,85.26,0.467358
C++,mergesort,25000,12.439819,6.647339,0.010620,88.128,0.504998
C++,oddevensort,25000,11.328674,6.054016,0.019348,85.976,0.457948
C++,quicksort,25000,11.384277,6.052551,0.019775,85.424,0.462574
C++,selectionsort,25000,11.322571,6.046082,0.014771,86.0,0.457024
C#,bubblesort,25000,12.650269,6.728455,0.015686,67.22,0.516213
C#,cyclesort,25000,13.028748,6.957703,0.011658,65.512,0.528761
C#,heapsort,25000,12.947937,6.917847,0.021973,67.316,0.52537
C#,insertionsort,25000,12.677307,6.767395,0.018982,67.64,0.515548
C#,mergesort,25000,12.811340,6.855713,0.009827,63.532,0.519715
C#,oddevensort,25000,12.865417,6.915894,0.019226,67.452,0.51941
C#,quicksort,25000,13.010254,6.948914,0.016235,71.572,0.528109
C#,selectionsort,25000,12.774048,6.863770,0.004517,67.528,0.516784
Go,bubblesort,25000,3.012146,1.394165,0.012512,55.46,0.137911
Go,cyclesort,25000,3.442383,1.648621,0.012634,53.768,0.153061
Go,heapsort,25000,3.556702,1.615906,0.014038,55.964,0.16579
Go,insertionsort,25000,3.023621,1.274170,0.009155,55.928,0.149893
Go,mergesort,25000,3.465759,1.746277,0.009705,54.68,0.146696
Go,oddevensort,25000,3.500549,1.798096,0.011719,55.256,0.146248
Go,quicksort,25000,3.071167,1.512146,0.009094,55.08,0.132497
Go,selectionsort,25000,3.653259,1.922729,0.011292,56.468,0.148236
Haskell,bubblesort,25000,304.633179,160.658813,0.143982,631.596,12.3182
Haskell,cyclesort,25000,588.500610,310.228210,0.205872,690.448,23.8037
Haskell,heapsort,25000,310.412842,163.728577,0.132812,632.116,12.554
Haskell,insertionsort,25000,298.649353,157.390320,0.131226,589.86,12.088
Haskell,mergesort,25000,306.272827,161.153320,0.138367,672.352,12.4068
Haskell,oddevensort,25000,282.822388,148.970642,0.136536,682.48,11.4517
Haskell,quicksort,25000,301.653748,159.090759,0.130615,633.52,12.1938
Haskell,selectionsort,25000,312.973938,164.821106,0.152039,642.54,12.6637
Rust,bubblesort,25000,236.705200,126.147156,0.101929,1083.684,9.56188
Rust,cyclesort,25000,229.230835,122.228821,0.114502,1090.632,9.24841
Rust,heapsort,25000,225.248413,120.097473,0.093384,1079.552,9.1005
Rust,insertionsort,25000,223.917053,118.985046,0.104370,1084.968,9.06636
Rust,mergesort,25000,229.555359,122.417847,0.094971,1108.376,9.27339
Rust,oddevensort,25000,228.931152,121.744263,0.092590,1082.752,9.27157
Rust,quicksort,25000,219.419495,116.649719,0.101257,1100.128,8.88909
Rust,selectionsort,25000,233.908875,124.345276,0.100098,1075.9,9.47423
Swift,bubblesort,25000,338.595947,180.793579,0.123413,144.328,13.7667
Swift,cyclesort,25000,337.796570,180.599792,0.124756,143.576,13.7146
Swift,heapsort,25000,357.022949,190.712524,0.117798,147.268,14.5139
Swift,insertionsort,25000,335.229736,179.154114,0.119141,144.384,13.6232
Swift,mergesort,25000,370.399658,197.619263,0.139893,145.468,15.0786
Swift,oddevensort,25000,338.722107,181.023254,0.128357,143.84,13.7599
Swift,quicksort,25000,368.380005,196.642090,0.148010,145.22,14.9746
Swift,selectionsort,25000,336.460938,179.546692,0.134644,144.408,13.6889
C,bubblesort,25000,2.092529,0.952576,0.015991,38.452,0.097671
C,cyclesort,25000,2.873230,1.465088,0.018494,38.58,0.1195
C,heapsort,25000,2.040588,1.021362,0.016785,37.352,0.086434
C,insertionsort,25000,2.448059,1.181763,0.016296,37.436,0.109003
C,mergesort,25000,2.581055,1.350464,0.011597,39.62,0.107384
C,oddevensort,25000,2.581543,1.343750,0.016479,38.712,0.104308
C,quicksort,25000,2.523804,1.310547,0.015137,38.2,0.10573
C,selectionsort,25000,2.313660,1.163879,0.011230,38.192,0.099013
C++,bubblesort,25000,11.032043,5.848511,0.017639,85.956,0.449627
C++,cyclesort,25000,11.223145,5.972412,0.017517,85.892,0.455431
C++,heapsort,25000,11.403076,6.012878,0.020142,85.7,0.466636
C++,insertionsort,25000,11.041199,5.840393,0.018311,85.468,0.451914
C++,mergesort,25000,12.209290,6.498413,0.022827,87.668,0.496162
C++,oddevensort,25000,11.101135,5.945618,0.018188,86.208,0.447502
C++,quicksort,25000,11.123535,5.911926,0.018494,85.616,0.451881
C++,selectionsort,25000,11.073425,5.864502,0.013733,85.676,0.453058
C#,bubblesort,25000,12.697266,6.782043,0.015076,65.452,0.514695
C#,cyclesort,25000,12.768127,6.891296,0.011963,67.388,0.513253
C#,heapsort,25000,12.749207,6.870850,0.008606,65.428,0.51475
C#,insertionsort,25000,12.752502,6.861145,0.014771,63.352,0.514555
C#,mergesort,25000,12.979187,6.943787,0.016602,63.344,0.524579
C#,oddevensort,25000,13.061279,7.023621,0.011353,65.208,0.527533
C#,quicksort,25000,12.813354,6.867676,0.008240,69.404,0.517255
C#,selectionsort,25000,12.747375,6.841675,0.010986,63.308,0.513178
Go,bubblesort,25000,3.090759,1.434448,0.008362,56.26,0.141613
Go,cyclesort,25000,3.507874,1.754517,0.009094,54.992,0.149655
Go,heapsort,25000,3.146545,1.547546,0.009399,57.492,0.136677
Go,insertionsort,25000,3.260498,1.619141,0.009583,55.112,0.139647
Go,mergesort,25000,3.536316,1.687744,0.011658,56.012,0.157581
Go,oddevensort,25000,3.076050,1.315613,0.009216,54.72,0.150525
Go,quicksort,25000,3.404419,1.786926,0.012085,55.284,0.137947
Go,selectionsort,25000,3.367249,1.585083,0.012817,56.088,0.151358
Haskell,bubblesort,25000,301.410583,157.958130,0.135559,631.1,12.2762
Haskell,cyclesort,25000,575.090210,302.642334,0.242920,715.148,23.2901
Haskell,heapsort,25000,302.198364,159.265808,0.127808,634.256,12.23
Haskell,insertionsort,25000,298.736816,157.325378,0.153931,671.344,12.0877
Haskell,mergesort,25000,305.381409,161.286438,0.127747,615.112,12.3264
Haskell,oddevensort,25000,282.425537,148.883667,0.119568,610.892,11.424
Haskell,quicksort,25000,302.443665,159.473816,0.134399,594.312,12.232
Haskell,selectionsort,25000,318.347595,167.481445,0.139221,640.144,12.9003
Rust,bubblesort,25000,235.256226,125.346863,0.102600,1082.044,9.50203
Rust,cyclesort,25000,234.747742,125.019104,0.091675,1076.488,9.49333
Rust,heapsort,25000,224.855774,119.570496,0.102112,1078.844,9.10494
Rust,insertionsort,25000,227.350342,120.979126,0.107666,1083.84,9.19499
Rust,mergesort,25000,224.054321,119.334717,0.102173,1108.368,9.0588
Rust,oddevensort,25000,228.580750,121.776489,0.097290,1082.092,9.23183
Rust,quicksort,25000,229.729553,122.604980,0.107788,1092.056,9.26763
Rust,selectionsort,25000,235.217224,125.075867,0.093262,1071.068,9.52386
Swift,bubblesort,25000,341.017700,182.266663,0.136780,144.112,13.8459
Swift,cyclesort,25000,349.338623,186.509338,0.119019,143.572,14.2145
Swift,heapsort,25000,374.799500,200.370422,0.146484,147.384,15.2202
Swift,insertionsort,25000,341.216736,182.082520,0.116028,144.332,13.8942
Swift,mergesort,25000,370.530396,198.107300,0.134949,145.472,15.0459
Swift,oddevensort,25000,339.305908,181.421082,0.129883,143.484,13.7813
Swift,quicksort,25000,357.869812,190.768921,0.142761,145.268,14.5772
Swift,selectionsort,25000,335.876831,179.114075,0.126831,144.196,13.6781
C,bubblesort,25000,2.092529,0.952576,0.015991,38.452,0.097671
C,bubblesort,50000,3.557617,1.736267,0.018250,43.044,0.15665
C,cyclesort,25000,2.873230,1.465088,0.018494,38.58,0.1195
C,cyclesort,50000,3.598877,1.914490,0.015381,43.272,0.144783
C,heapsort,25000,2.040588,1.021362,0.016785,37.352,0.086434
C,heapsort,50000,3.158508,1.650024,0.020386,42.624,0.128337
C,insertionsort,25000,2.448059,1.181763,0.016296,37.436,0.109003
C,insertionsort,50000,3.398010,1.701355,0.014893,42.144,0.14603
C,mergesort,25000,2.581055,1.350464,0.011597,39.62,0.107384
C,mergesort,50000,3.338684,1.718201,0.011536,44.216,0.140825
C,oddevensort,25000,2.581543,1.343750,0.016479,38.712,0.104308
C,oddevensort,50000,3.518005,1.863525,0.014099,43.524,0.143518
C,quicksort,25000,2.523804,1.310547,0.015137,38.2,0.10573
C,quicksort,50000,3.817505,1.976196,0.016724,43.144,0.157631
C,selectionsort,25000,2.313660,1.163879,0.011230,38.192,0.099013
C,selectionsort,50000,2.975952,1.540344,0.017090,42.748,0.124417
C++,bubblesort,25000,11.032043,5.848511,0.017639,85.956,0.449627
C++,bubblesort,50000,12.524841,6.621582,0.026855,98.3,0.512185
C++,cyclesort,25000,11.223145,5.972412,0.017517,85.892,0.455431
C++,cyclesort,50000,12.720886,6.821899,0.014099,99.452,0.513003
C++,heapsort,25000,11.403076,6.012878,0.020142,85.7,0.466636
C++,heapsort,50000,12.637634,6.751343,0.026672,99.324,0.509953
C++,insertionsort,25000,11.041199,5.840393,0.018311,85.468,0.451914
C++,insertionsort,50000,12.595947,6.757202,0.015442,98.328,0.507974
C++,mergesort,25000,12.209290,6.498413,0.022827,87.668,0.496162
C++,mergesort,50000,13.226501,7.005615,0.034119,101.332,0.53943
C++,oddevensort,25000,11.101135,5.945618,0.018188,86.208,0.447502
C++,oddevensort,50000,12.554260,6.659912,0.012024,98.328,0.515404
C++,quicksort,25000,11.123535,5.911926,0.018494,85.616,0.451881
C++,quicksort,50000,12.545166,6.642822,0.034241,98.948,0.508615
C++,selectionsort,25000,11.073425,5.864502,0.013733,85.676,0.453058
C++,selectionsort,50000,12.294250,6.533691,0.023376,98.9,0.501026
C#,bubblesort,25000,12.697266,6.782043,0.015076,65.452,0.514695
C#,bubblesort,50000,13.395203,7.137146,0.010254,69.636,0.545153
C#,cyclesort,25000,12.768127,6.891296,0.011963,67.388,0.513253
C#,cyclesort,50000,14.087097,7.559143,0.025513,69.744,0.565419
C#,heapsort,25000,12.749207,6.870850,0.008606,65.428,0.51475
C#,heapsort,50000,13.436218,7.151306,0.014099,67.192,0.548192
C#,insertionsort,25000,12.752502,6.861145,0.014771,63.352,0.514555
C#,insertionsort,50000,13.567078,7.228027,0.027283,69.528,0.54955
C#,mergesort,25000,12.979187,6.943787,0.016602,63.344,0.524579
C#,mergesort,50000,13.447021,7.197144,0.002441,67.036,0.545375
C#,oddevensort,25000,13.061279,7.023621,0.011353,65.208,0.527533
C#,oddevensort,50000,13.467957,7.115051,0.025391,71.852,0.552012
C#,quicksort,25000,12.813354,6.867676,0.008240,69.404,0.517255
C#,quicksort,50000,13.974426,7.507751,0.010742,69.812,0.563687
C#,selectionsort,25000,12.747375,6.841675,0.010986,63.308,0.513178
C#,selectionsort,50000,13.695984,7.251648,0.022095,69.676,0.560127
Go,bubblesort,25000,3.090759,1.434448,0.008362,56.26,0.141613
Go,bubblesort,50000,3.777710,1.563843,0.000000,57.54,0.191552
Go,cyclesort,25000,3.507874,1.754517,0.009094,54.992,0.149655
Go,cyclesort,50000,4.026001,1.703247,0.009460,54.548,0.200476
Go,heapsort,25000,3.146545,1.547546,0.009399,57.492,0.136677
Go,heapsort,50000,4.251099,1.869934,0.013550,56.772,0.204613
Go,insertionsort,25000,3.260498,1.619141,0.009583,55.112,0.139647
Go,insertionsort,50000,4.034973,1.825134,0.012024,57.06,0.190443
Go,mergesort,25000,3.536316,1.687744,0.011658,56.012,0.157581
Go,mergesort,50000,3.251770,1.348083,0.009277,55.788,0.165435
Go,oddevensort,25000,3.076050,1.315613,0.009216,54.72,0.150525
Go,oddevensort,50000,3.645447,1.670593,0.009705,56.584,0.169038
Go,quicksort,25000,3.404419,1.786926,0.012085,55.284,0.137947
Go,quicksort,50000,3.830750,1.707764,0.008850,58.008,0.182425
Go,selectionsort,25000,3.367249,1.585083,0.012817,56.088,0.151358
Go,selectionsort,50000,3.782532,1.639954,0.015381,57.608,0.18429
Haskell,bubblesort,25000,301.410583,157.958130,0.135559,631.1,12.2762
Haskell,bubblesort,50000,605.468872,319.068787,0.248474,1109.592,24.4933
Haskell,cyclesort,25000,575.090210,302.642334,0.242920,715.148,23.2901
Haskell,cyclesort,50000,1160.551208,611.302490,0.416565,1156.736,46.9403
Haskell,heapsort,25000,302.198364,159.265808,0.127808,634.256,12.23
Haskell,heapsort,50000,624.205750,328.743286,0.249207,1109.796,25.2768
Haskell,insertionsort,25000,298.736816,157.325378,0.153931,671.344,12.0877
Haskell,insertionsort,50000,594.746704,313.455688,0.229858,1064.428,24.0355
Haskell,mergesort,25000,305.381409,161.286438,0.127747,615.112,12.3264
Haskell,mergesort,50000,609.391418,321.110901,0.219604,1048.18,24.6526
Haskell,oddevensort,25000,282.425537,148.883667,0.119568,610.892,11.424
Haskell,oddevensort,50000,569.868164,297.990295,0.220398,1113.456,23.2453
Haskell,quicksort,25000,302.443665,159.473816,0.134399,594.312,12.232
Haskell,quicksort,50000,606.573242,319.631592,0.220703,1039.556,24.5564
Haskell,selectionsort,25000,318.347595,167.481445,0.139221,640.144,12.9003
Haskell,selectionsort,50000,634.664124,334.580444,0.238464,1127.996,25.6595
Rust,bubblesort,25000,235.256226,125.346863,0.102600,1082.044,9.50203
Rust,bubblesort,50000,493.150940,262.545593,0.189392,2180.0,19.9211
Rust,cyclesort,25000,234.747742,125.019104,0.091675,1076.488,9.49333
Rust,cyclesort,50000,463.407227,246.508362,0.181030,2166.484,18.7468
Rust,heapsort,25000,224.855774,119.570496,0.102112,1078.844,9.10494
Rust,heapsort,50000,461.720703,245.547180,0.193054,2163.676,18.6879
Rust,insertionsort,25000,227.350342,120.979126,0.107666,1083.84,9.19499
Rust,insertionsort,50000,464.038025,247.106323,0.190552,2176.928,18.7458
Rust,mergesort,25000,224.054321,119.334717,0.102173,1108.368,9.0588
Rust,mergesort,50000,458.432434,243.921326,0.179260,2203.964,18.5284
Rust,oddevensort,25000,228.580750,121.776489,0.097290,1082.092,9.23183
Rust,oddevensort,50000,482.925537,257.085144,0.205017,2178.876,19.5261
Rust,quicksort,25000,229.729553,122.604980,0.107788,1092.056,9.26763
Rust,quicksort,50000,451.540955,240.323425,0.171326,2184.952,18.2503
Rust,selectionsort,25000,235.217224,125.075867,0.093262,1071.068,9.52386
Rust,selectionsort,50000,468.649109,249.298462,0.185547,2173.984,18.9376
Swift,bubblesort,25000,341.017700,182.266663,0.136780,144.112,13.8459
Swift,bubblesort,50000,1159.489502,621.213562,0.349609,214.7,47.0254
Swift,cyclesort,25000,349.338623,186.509338,0.119019,143.572,14.2145
Swift,cyclesort,50000,1198.122437,641.720276,0.386963,214.488,48.5611
Swift,heapsort,25000,374.799500,200.370422,0.146484,147.384,15.2202
Swift,heapsort,50000,1232.503540,659.804016,0.382751,217.74,50.0322
Swift,insertionsort,25000,341.216736,182.082520,0.116028,144.332,13.8942
Swift,insertionsort,50000,1215.867004,651.804016,0.405151,214.608,49.2528
Swift,mergesort,25000,370.530396,198.107300,0.134949,145.472,15.0459
Swift,mergesort,50000,1294.493286,692.726440,0.401917,216.116,52.519
Swift,oddevensort,25000,339.305908,181.421082,0.129883,143.484,13.7813
Swift,oddevensort,50000,6.622620,3.447693,0.012085,83.316,0.276247
Swift,quicksort,25000,357.869812,190.768921,0.142761,145.268,14.5772
Swift,quicksort,50000,1229.499878,658.576416,0.395386,215.364,49.8609
Swift,selectionsort,25000,335.876831,179.114075,0.126831,144.196,13.6781
Swift,selectionsort,50000,1212.195190,649.191040,0.375000,214.728,49.1888
C,bubblesort,50000,3.494507,1.625671,0.017029,42.884,0.160762
C,cyclesort,50000,3.289368,1.683472,0.017761,43.428,0.136023
C,heapsort,50000,3.494995,1.870911,0.011780,43.04,0.141644
C,insertionsort,50000,3.373657,1.735901,0.018677,42.24,0.141203
C,mergesort,50000,3.339233,1.664490,0.011292,44.268,0.144267
C,oddevensort,50000,3.708313,1.870605,0.024963,43.268,0.154848
C,quicksort,50000,3.773682,1.960571,0.010986,43.268,0.157119
C,selectionsort,50000,2.975647,1.586609,0.013855,42.748,0.120176
C++,bubblesort,50000,12.048096,6.309753,0.017151,99.392,0.499275
C++,cyclesort,50000,12.958008,6.906372,0.031189,98.332,0.523635
C++,heapsort,50000,12.923767,6.934204,0.016418,99.836,0.519973
C++,insertionsort,50000,12.563904,6.677673,0.026123,96.88,0.511076
C++,mergesort,50000,13.731628,7.291260,0.029968,100.428,0.559345
C++,oddevensort,50000,12.388245,6.539917,0.017639,99.952,0.50916
C++,quicksort,50000,12.741943,6.835205,0.031250,97.452,0.51193
C++,selectionsort,50000,12.737488,6.755432,0.012451,98.284,0.521149
C#,bubblesort,50000,13.441772,7.195312,0.006226,67.872,0.546325
C#,cyclesort,50000,13.932678,7.464172,0.015991,71.672,0.561799
C#,heapsort,50000,13.778320,7.306274,0.024353,63.448,0.561578
C#,insertionsort,50000,13.406433,7.113586,0.014038,61.624,0.547119
C#,mergesort,50000,13.999817,7.475220,0.026306,67.992,0.567264
C#,oddevensort,50000,13.603088,7.239624,0.017273,65.74,0.554128
C#,quicksort,50000,13.630554,7.287292,0.004333,65.62,0.55358
C#,selectionsort,50000,13.918213,7.384216,0.023743,67.716,0.568073
Go,bubblesort,50000,3.320679,1.495178,0.010803,56.104,0.155893
Go,cyclesort,50000,3.315430,1.627808,0.010803,57.536,0.143428
Go,heapsort,50000,3.700806,1.872803,0.013062,57.28,0.15394
Go,insertionsort,50000,3.216309,1.350647,0.009277,56.96,0.159243
Go,mergesort,50000,3.419006,1.714966,0.013245,55.78,0.144695
Go,oddevensort,50000,3.503113,1.747375,0.010010,57.176,0.149867
Go,quicksort,50000,3.101196,1.513916,0.010315,54.876,0.137554
Go,selectionsort,50000,3.480347,1.779724,0.010132,54.94,0.144697
Haskell,bubblesort,50000,605.707275,319.451355,0.250916,1107.8,24.4809
Haskell,cyclesort,50000,1170.641724,616.697449,0.404541,1026.372,47.3459
Haskell,heapsort,50000,611.117676,322.224426,0.211670,1109.192,24.7189
Haskell,insertionsort,50000,610.240662,322.013977,0.226868,1137.268,24.6456
Haskell,mergesort,50000,610.324585,321.566406,0.254150,1101.036,24.683
Haskell,oddevensort,50000,564.615845,297.372375,0.221741,1113.368,22.8327
Haskell,quicksort,50000,605.650452,318.988342,0.228882,1065.0,24.5173
Haskell,selectionsort,50000,642.238342,338.912781,0.228394,1127.732,25.9389
Rust,bubblesort,50000,471.515320,251.266846,0.172607,2177.884,19.0387
Rust,cyclesort,50000,485.153381,257.994995,0.190491,2177.928,19.6303
Rust,heapsort,50000,465.740723,248.030273,0.173157,2171.08,18.826
Rust,insertionsort,50000,483.053284,257.536804,0.170898,2183.16,19.5081
Rust,mergesort,50000,477.288757,253.874451,0.171936,2200.048,19.3157
Rust,oddevensort,50000,499.007141,264.997620,0.195435,2171.632,20.2123
Rust,quicksort,50000,451.402222,240.200317,0.177307,2190.788,18.2542
Rust,selectionsort,50000,472.577515,251.701355,0.162354,2173.4,19.079
Swift,bubblesort,50000,1210.341858,648.550781,0.396545,214.636,49.0737
Swift,cyclesort,50000,1219.239136,653.126343,0.415161,214.336,49.4255
Swift,heapsort,50000,1260.638672,675.425415,0.408020,218.036,51.0987
Swift,insertionsort,50000,1165.527527,624.477173,0.352356,214.756,47.2724
Swift,mergesort,50000,1274.938232,682.564209,0.402893,215.848,51.7271
Swift,oddevensort,50000,6.374573,3.224548,0.013184,83.208,0.272971
Swift,quicksort,50000,1279.680603,685.524353,0.389954,215.672,51.8772
Swift,selectionsort,50000,1176.413391,630.238342,0.427063,219.008,47.681
C,bubblesort,50000,2.879883,1.454529,0.019348,42.88,0.123091
C,cyclesort,50000,3.660706,1.928467,0.018921,43.396,0.149132
C,heapsort,50000,3.547302,1.836914,0.012024,42.94,0.147995
C,insertionsort,50000,2.879211,1.512329,0.010864,42.272,0.117781
C,mergesort,50000,3.992004,1.985779,0.014526,44.4,0.172436
C,oddevensort,50000,3.174316,1.644653,0.021545,43.424,0.130846
C,quicksort,50000,3.600464,1.872192,0.020508,43.268,0.147638
C,selectionsort,50000,3.429077,1.762634,0.015625,42.78,0.144358
C++,bubblesort,50000,12.338562,6.489746,0.018311,99.56,0.507069
C++,cyclesort,50000,12.940918,6.860168,0.031921,99.276,0.525463
C++,heapsort,50000,12.120850,6.325256,0.012512,98.936,0.505287
C++,insertionsort,50000,12.519653,6.625000,0.021729,96.8,0.511996
C++,mergesort,50000,13.647583,7.278748,0.009399,101.2,0.553509
C++,oddevensort,50000,12.621277,6.741455,0.028076,98.396,0.508319
C++,quicksort,50000,12.368408,6.543884,0.021179,99.2,0.506025
C++,selectionsort,50000,12.416199,6.587646,0.028564,98.572,0.504157
C#,bubblesort,50000,13.420654,7.146545,0.011047,71.636,0.544882
C#,cyclesort,50000,13.919556,7.456360,0.024231,67.976,0.561674
C#,heapsort,50000,13.697571,7.268433,0.018616,65.92,0.558294
C#,insertionsort,50000,13.496582,7.223145,0.013245,69.564,0.548298
C#,mergesort,50000,13.856018,7.438782,0.025208,71.776,0.558562
C#,oddevensort,50000,13.508362,7.200500,0.010071,69.836,0.552301
C#,quicksort,50000,13.480957,7.197510,0.010376,69.56,0.547643
C#,selectionsort,50000,13.661255,7.276062,0.014526,65.708,0.55605
Go,bubblesort,50000,3.345703,1.689087,0.013550,58.836,0.140982
Go,cyclesort,50000,3.594360,1.814514,0.012756,55.412,0.151858
Go,heapsort,50000,3.163574,1.353882,0.008179,54.008,0.155901
Go,insertionsort,50000,3.393921,1.719910,0.010193,55.58,0.144483
Go,mergesort,50000,3.543274,1.739319,0.007751,54.748,0.155524
Go,oddevensort,50000,2.962769,1.282837,0.011230,57.66,0.143468
Go,quicksort,50000,3.477844,1.756042,0.013794,56.056,0.147177
Go,selectionsort,50000,3.513672,1.648010,0.009460,57.016,0.159393
Haskell,bubblesort,50000,604.323059,317.317505,0.229065,1086.536,24.5669
Haskell,cyclesort,50000,1173.343445,617.403442,0.431030,1102.692,47.528
Haskell,heapsort,50000,609.132996,320.755432,0.222656,1005.788,24.6716
Haskell,insertionsort,50000,608.632263,321.249084,0.237488,1123.828,24.5731
Haskell,mergesort,50000,613.349121,323.083923,0.233948,1195.512,24.8187
Haskell,oddevensort,50000,575.267578,302.808167,0.224976,1055.276,23.2991
Haskell,quicksort,50000,600.144653,316.621399,0.224243,984.828,24.2525
Haskell,selectionsort,50000,638.332642,337.013184,0.243652,1187.2,25.769
Rust,bubblesort,50000,465.280273,247.318359,0.178406,2166.788,18.8321
Rust,cyclesort,50000,490.292969,260.689880,0.203308,2173.136,19.8437
Rust,heapsort,50000,459.604431,244.523376,0.175049,2170.024,18.584
Rust,insertionsort,50000,486.562927,259.106506,0.187622,2176.944,19.665
Rust,mergesort,50000,475.250977,253.085388,0.200134,2205.94,19.195
Rust,oddevensort,50000,479.320679,254.613525,0.200806,2172.904,19.41
Rust,quicksort,50000,460.460022,244.820374,0.185303,2190.844,18.6199
Rust,selectionsort,50000,469.762695,250.196960,0.186462,2172.96,18.9739
Swift,bubblesort,50000,1215.328369,651.029480,0.379578,222.956,49.3054
Swift,cyclesort,50000,1174.092041,629.267883,0.411072,222.792,47.5777
Swift,heapsort,50000,1268.914612,679.741943,0.433472,226.14,51.4351
Swift,insertionsort,50000,1215.332764,651.195129,0.381714,223.176,49.2931
Swift,mergesort,50000,1215.752136,650.354736,0.385681,224.304,49.3827
Swift,oddevensort,50000,6.170837,3.064148,0.008118,88.852,0.270058
Swift,quicksort,50000,1268.555359,679.791077,0.408569,224.328,51.4233
Swift,selectionsort,50000,1186.889099,635.792358,0.363037,223.296,48.1254
C,bubblesort,50000,3.566101,1.624695,0.021729,43.008,0.166536
C,cyclesort,50000,3.163696,1.614929,0.018066,43.396,0.132615
C,heapsort,50000,3.689209,1.942200,0.017822,42.88,0.149769
C,insertionsort,50000,3.094543,1.583740,0.015686,42.108,0.129777
C,mergesort,50000,3.591553,1.857788,0.017090,44.456,0.148612
C,oddevensort,50000,3.516846,1.830017,0.011414,43.396,0.145716
C,quicksort,50000,3.290283,1.665588,0.014771,43.14,0.13985
C,selectionsort,50000,3.382935,1.776550,0.012390,42.62,0.139465
C++,bubblesort,50000,12.078247,6.390808,0.015320,99.328,0.496645
C++,cyclesort,50000,12.749329,6.720398,0.019409,99.0,0.52374
C++,heapsort,50000,12.597412,6.693726,0.017456,98.256,0.514274
C++,insertionsort,50000,12.375122,6.562195,0.020508,97.844,0.502003
C++,mergesort,50000,13.995789,7.526184,0.007446,100.36,0.562192
C++,oddevensort,50000,12.520325,6.653809,0.020325,99.432,0.507537
C++,quicksort,50000,12.857178,6.833679,0.006775,98.184,0.524589
C++,selectionsort,50000,12.635864,6.667786,0.025330,98.404,0.515535
C#,bubblesort,50000,13.426880,7.238525,0.000000,67.576,0.540068
C#,cyclesort,50000,13.443848,7.230957,0.018982,63.652,0.541379
C#,heapsort,50000,13.818848,7.378113,0.018738,65.316,0.560083
C#,insertionsort,50000,13.640564,7.201050,0.014282,70.12,0.559473
C#,mergesort,50000,13.560913,7.255066,0.020874,69.796,0.549021
C#,oddevensort,50000,13.930786,7.470459,0.010620,65.72,0.563964
C#,quicksort,50000,13.608154,7.226013,0.019897,67.66,0.55539
C#,selectionsort,50000,13.484009,7.171631,0.010498,69.996,0.550983
Go,bubblesort,50000,3.526001,1.768982,0.002136,55.78,0.150909
Go,cyclesort,50000,3.073120,1.505188,0.014160,57.008,0.134221
Go,heapsort,50000,3.747314,1.950439,0.009583,59.372,0.153877
Go,insertionsort,50000,3.412476,1.541748,0.009033,57.38,0.159507
Go,mergesort,50000,3.128174,1.537842,0.010071,57.452,0.1359
Go,oddevensort,50000,3.564392,1.801392,0.010254,56.676,0.150891
Go,quicksort,50000,3.062500,1.402588,0.010925,56.724,0.142001
Go,selectionsort,50000,3.584351,1.751770,0.014282,55.196,0.155694
Haskell,bubblesort,50000,604.976929,318.871277,0.227417,1104.288,24.4807
Haskell,cyclesort,50000,1171.462830,617.133728,0.390137,1123.688,47.4041
Haskell,heapsort,50000,592.481995,312.399170,0.227844,982.024,23.9391
Haskell,insertionsort,50000,603.827637,317.991882,0.223572,1146.36,24.455
Haskell,mergesort,50000,608.112244,320.733276,0.211121,1186.428,24.5747
Haskell,oddevensort,50000,566.148438,298.727905,0.206421,1172.384,22.8698
Haskell,quicksort,50000,606.419800,319.549622,0.233215,1053.34,24.5411
Haskell,selectionsort,50000,642.253662,338.531128,0.250244,1187.164,25.9718
Rust,bubblesort,50000,478.268066,254.475037,0.195618,2175.412,19.3344
Rust,cyclesort,50000,483.733276,257.840088,0.179749,2164.872,19.5342
Rust,heapsort,50000,481.007385,255.795349,0.188232,2171.332,19.4656
Rust,insertionsort,50000,478.348450,254.551086,0.175659,2173.984,19.3405
Rust,mergesort,50000,465.553467,247.502686,0.203552,2201.936,18.8396
Rust,oddevensort,50000,473.768799,251.895691,0.191040,2168.416,19.1462
Rust,quicksort,50000,452.797607,240.864563,0.185364,2185.148,18.3019
Rust,selectionsort,50000,474.912415,252.877869,0.192200,2173.152,19.1838
Swift,bubblesort,50000,1216.881409,651.706055,0.380554,223.096,49.3733
Swift,cyclesort,50000,1166.861084,625.490662,0.380676,222.744,47.2775
Swift,heapsort,50000,1252.426331,670.784180,0.440857,226.132,50.7707
Swift,insertionsort,50000,1187.086792,636.513794,0.409668,222.78,48.0793
Swift,mergesort,50000,1301.382690,696.980652,0.437805,224.384,52.752
Swift,oddevensort,50000,6.255798,3.213013,0.011597,89.028,0.262185
Swift,quicksort,50000,1284.463013,687.781616,0.397827,224.028,52.1097
Swift,selectionsort,50000,1178.146423,630.981995,0.411560,223.34,47.7718
C,bubblesort,50000,2.915588,1.475281,0.014709,43.016,0.123375
C,cyclesort,50000,3.787476,1.980103,0.023743,43.328,0.153482
C,heapsort,50000,3.624451,1.861389,0.013489,42.844,0.151658
C,insertionsort,50000,2.880005,1.534851,0.014282,42.112,0.117514
C,mergesort,50000,3.954712,1.950500,0.011292,44.396,0.174104
C,oddevensort,50000,3.305359,1.621765,0.011047,43.428,0.146278
C,quicksort,50000,3.308777,1.702026,0.015198,43.172,0.139221
C,selectionsort,50000,3.480652,1.765503,0.018921,42.652,0.148581
C++,bubblesort,50000,12.523560,6.690125,0.014709,98.552,0.506197
C++,cyclesort,50000,12.640076,6.694641,0.025146,98.016,0.516021
C++,heapsort,50000,12.589111,6.658020,0.015198,98.588,0.516777
C++,insertionsort,50000,12.233032,6.582336,0.023560,98.328,0.492566
C++,mergesort,50000,13.520691,7.282104,0.022827,100.436,0.542725
C++,oddevensort,50000,12.821289,6.876587,0.016418,99.572,0.515522
C++,quicksort,50000,12.495850,6.668579,0.017761,98.752,0.506018
C++,selectionsort,50000,12.519287,6.651672,0.026733,98.272,0.507822
C#,bubblesort,50000,13.320374,7.137207,0.012634,69.512,0.54037
C#,cyclesort,50000,13.440369,7.181091,0.015564,71.596,0.544356
C#,heapsort,50000,13.675049,7.388489,0.012878,69.564,0.548048
C#,insertionsort,50000,13.794312,7.409485,0.020447,65.832,0.554203
C#,mergesort,50000,13.566528,7.271423,0.021057,71.84,0.545145
C#,oddevensort,50000,13.549438,7.296326,0.013550,65.66,0.54573
C#,quicksort,50000,13.936890,7.496216,0.013489,69.776,0.560473
C#,selectionsort,50000,13.269531,7.079895,0.008545,67.604,0.540995
Go,bubblesort,50000,3.509460,1.677307,0.012512,58.072,0.155729
Go,cyclesort,50000,3.133606,1.478943,0.011597,57.896,0.141792
Go,heapsort,50000,3.613281,1.864319,0.010193,55.264,0.14827
Go,insertionsort,50000,3.204041,1.427795,0.010071,58.284,0.153413
Go,mergesort,50000,3.315857,1.694031,0.009338,54.348,0.140456
Go,oddevensort,50000,3.685425,1.840881,0.011780,55.984,0.156549
Go,quicksort,50000,3.161194,1.411255,0.009216,53.96,0.151189
Go,selectionsort,50000,3.296143,1.638245,0.013306,54.716,0.142678
Haskell,bubblesort,50000,610.484131,321.652405,0.227905,1109.732,24.7235
Haskell,cyclesort,50000,1189.497314,626.655090,0.350098,1014.856,48.1427
Haskell,heapsort,50000,612.793274,323.383728,0.228882,1005.656,24.7585
Haskell,insertionsort,50000,598.342468,315.460388,0.238586,1009.884,24.1885
Haskell,mergesort,50000,607.608704,320.056091,0.213379,988.592,24.604
Haskell,oddevensort,50000,576.173950,303.543701,0.211914,1114.616,23.3281
Haskell,quicksort,50000,611.297485,322.574097,0.272095,1054.772,24.7011
Haskell,selectionsort,50000,649.023865,341.988342,0.249390,1124.712,26.2585
Rust,bubblesort,50000,486.903259,258.953003,0.198181,2170.88,19.7034
Rust,cyclesort,50000,483.305725,257.352173,0.202515,2172.288,19.5356
Rust,heapsort,50000,479.496643,255.254333,0.195862,2170.808,19.3905
Rust,insertionsort,50000,469.193481,249.911072,0.196472,2170.988,18.9493
Rust,mergesort,50000,458.632263,243.781921,0.190186,2192.548,18.5474
Rust,oddevensort,50000,501.420044,266.490112,0.207397,2166.94,20.2924
Rust,quicksort,50000,473.373779,251.860352,0.182556,2184.008,19.1528
Rust,selectionsort,50000,472.576965,251.224365,0.194397,2173.188,19.1281
Swift,bubblesort,50000,1185.476929,634.793945,0.379761,222.928,48.1179
Swift,cyclesort,50000,1190.303162,638.174316,0.384399,222.764,48.2575
Swift,heapsort,50000,1235.181396,661.120056,0.410034,226.104,50.1313
Swift,insertionsort,50000,1190.871704,638.271851,0.386719,222.968,48.2564
Swift,mergesort,50000,1243.705994,665.906128,0.413391,224.656,50.457
Swift,oddevensort,50000,6.260864,3.041321,0.011047,88.992,0.278594
Swift,quicksort,50000,1263.904907,677.161255,0.434021,224.4,51.2781
Swift,selectionsort,50000,1192.003906,638.700378,0.419678,225.528,48.3303
C,bubblesort,50000,2.915588,1.475281,0.014709,43.016,0.123375
C,bubblesort,100000,5.387024,2.503845,0.018738,51.944,0.251373
C,cyclesort,50000,3.787476,1.980103,0.023743,43.328,0.153482
C,cyclesort,100000,5.874939,3.080872,0.027954,52.364,0.240985
C,heapsort,50000,3.624451,1.861389,0.013489,42.844,0.151658
C,heapsort,100000,5.304626,2.743286,0.014038,51.812,0.221578
C,insertionsort,50000,2.880005,1.534851,0.014282,42.112,0.117514
C,insertionsort,100000,5.197510,2.734192,0.023865,51.228,0.211795
C,mergesort,50000,3.954712,1.950500,0.011292,44.396,0.174104
C,mergesort,100000,5.531189,2.955078,0.010803,53.356,0.225656
C,oddevensort,50000,3.305359,1.621765,0.011047,43.428,0.146278
C,oddevensort,100000,5.181458,2.638916,0.017822,52.424,0.218693
C,quicksort,50000,3.308777,1.702026,0.015198,43.172,0.139221
C,quicksort,100000,5.604492,2.855652,0.020325,52.068,0.239693
C,selectionsort,50000,3.480652,1.765503,0.018921,42.652,0.148581
C,selectionsort,100000,5.074402,2.563782,0.015076,51.908,0.218288
C++,bubblesort,50000,12.523560,6.690125,0.014709,98.552,0.506197
C++,bubblesort,100000,15.586853,7.935547,0.025024,114.94,0.664086
C++,cyclesort,50000,12.640076,6.694641,0.025146,98.016,0.516021
C++,cyclesort,100000,14.838074,7.838196,0.017944,113.468,0.608443
C++,heapsort,50000,12.589111,6.658020,0.015198,98.588,0.516777
C++,heapsort,100000,15.443726,8.228699,0.020691,112.888,0.626619
C++,insertionsort,50000,12.233032,6.582336,0.023560,98.328,0.492566
C++,insertionsort,100000,14.715210,7.873962,0.033386,113.064,0.594509
C++,mergesort,50000,13.520691,7.282104,0.022827,100.436,0.542725
C++,mergesort,100000,16.279602,8.656189,0.017700,116.38,0.664095
C++,oddevensort,50000,12.821289,6.876587,0.016418,99.572,0.515522
C++,oddevensort,100000,15.106873,8.049255,0.020996,115.992,0.612891
C++,quicksort,50000,12.495850,6.668579,0.017761,98.752,0.506018
C++,quicksort,100000,14.769409,7.822327,0.019165,113.78,0.603657
C++,selectionsort,50000,12.519287,6.651672,0.026733,98.272,0.507822
C++,selectionsort,100000,15.119934,8.045166,0.023010,115.712,0.614794
C#,bubblesort,50000,13.320374,7.137207,0.012634,69.512,0.54037
C#,bubblesort,100000,14.713196,7.737732,0.016968,71.484,0.607403
C#,cyclesort,50000,13.440369,7.181091,0.015564,71.596,0.544356
C#,cyclesort,100000,15.351746,8.231323,0.015259,71.276,0.620254
C#,heapsort,50000,13.675049,7.388489,0.012878,69.564,0.548048
C#,heapsort,100000,14.711060,7.819458,0.016663,73.472,0.602571
C#,insertionsort,50000,13.794312,7.409485,0.020447,65.832,0.554203
C#,insertionsort,100000,15.198364,8.126160,0.017090,73.236,0.615993
C#,mergesort,50000,13.566528,7.271423,0.021057,71.84,0.545145
C#,mergesort,100000,14.719360,7.919250,0.012024,71.436,0.592636
C#,oddevensort,50000,13.549438,7.296326,0.013550,65.66,0.54573
C#,oddevensort,100000,15.208557,8.234558,0.006409,71.448,0.609881
C#,quicksort,50000,13.936890,7.496216,0.013489,69.776,0.560473
C#,quicksort,100000,14.518494,7.742249,0.016846,69.544,0.591355
C#,selectionsort,50000,13.269531,7.079895,0.008545,67.604,0.540995
C#,selectionsort,100000,15.221741,8.148743,0.021912,77.464,0.614212
Go,bubblesort,50000,3.509460,1.677307,0.012512,58.072,0.155729
Go,bubblesort,100000,4.053711,1.748169,0.009155,57.572,0.1974
Go,cyclesort,50000,3.133606,1.478943,0.011597,57.896,0.141792
Go,cyclesort,100000,3.857117,1.542603,0.014404,56.164,0.200426
Go,heapsort,50000,3.613281,1.864319,0.010193,55.264,0.14827
Go,heapsort,100000,3.170959,1.494934,0.008850,56.016,0.1446
Go,insertionsort,50000,3.204041,1.427795,0.010071,58.284,0.153413
Go,insertionsort,100000,4.052979,1.776672,0.008972,57.556,0.195591
Go,mergesort,50000,3.315857,1.694031,0.009338,54.348,0.140456
Go,mergesort,100000,4.249878,1.656677,0.011353,56.068,0.22374
Go,oddevensort,50000,3.685425,1.840881,0.011780,55.984,0.156549
Go,oddevensort,100000,3.779175,1.657166,0.012146,55.784,0.181777
Go,quicksort,50000,3.161194,1.411255,0.009216,53.96,0.151189
Go,quicksort,100000,3.319519,1.423889,0.015930,55.908,0.162278
Go,selectionsort,50000,3.296143,1.638245,0.013306,54.716,0.142678
Go,selectionsort,100000,3.852356,1.795105,0.008789,57.988,0.176967
Haskell,bubblesort,50000,610.484131,321.652405,0.227905,1109.732,24.7235
Haskell,bubblesort,100000,1197.594055,630.773560,0.406616,1718.384,48.4995
Haskell,cyclesort,50000,1189.497314,626.655090,0.350098,1014.856,48.1427
Haskell,cyclesort,100000,2419.283936,1273.809692,0.798950,2230.728,97.9054
Haskell,heapsort,50000,612.793274,323.383728,0.228882,1005.656,24.7585
Haskell,heapsort,100000,1216.235657,640.290405,0.467834,1693.572,49.2294
Haskell,insertionsort,50000,598.342468,315.460388,0.238586,1009.884,24.1885
Haskell,insertionsort,100000,1232.571350,649.792664,0.458191,2103.52,49.8487
Haskell,mergesort,50000,607.608704,320.056091,0.213379,988.592,24.604
Haskell,mergesort,100000,1224.167297,644.617737,0.425537,1875.416,49.5325
Haskell,oddevensort,50000,576.173950,303.543701,0.211914,1114.616,23.3281
Haskell,oddevensort,100000,1130.956543,595.707764,0.409363,1941.104,45.7286
Haskell,quicksort,50000,611.297485,322.574097,0.272095,1054.772,24.7011
Haskell,quicksort,100000,1209.439758,636.668457,0.414795,1965.048,48.984
Haskell,selectionsort,50000,649.023865,341.988342,0.249390,1124.712,26.2585
Haskell,selectionsort,100000,1315.440674,694.013184,0.470886,2196.88,53.1573
Rust,bubblesort,50000,486.903259,258.953003,0.198181,2170.88,19.7034
Rust,bubblesort,100000,948.366516,503.500671,0.353271,4325.028,38.4104
Rust,cyclesort,50000,483.305725,257.352173,0.202515,2172.288,19.5356
Rust,cyclesort,100000,928.380310,493.496887,0.328369,4318.624,37.5279
Rust,heapsort,50000,479.496643,255.254333,0.195862,2170.808,19.3905
Rust,heapsort,100000,925.772461,492.032654,0.344482,4310.096,37.4682
Rust,insertionsort,50000,469.193481,249.911072,0.196472,2170.988,18.9493
Rust,insertionsort,100000,926.016724,491.766724,0.368774,4320.612,37.4913
Rust,mergesort,50000,458.632263,243.781921,0.190186,2192.548,18.5474
Rust,mergesort,100000,899.655273,477.949463,0.346985,4364.92,36.4014
Rust,oddevensort,50000,501.420044,266.490112,0.207397,2166.94,20.2924
Rust,oddevensort,100000,996.443542,529.678345,0.380737,4326.18,40.3266
Rust,quicksort,50000,473.373779,251.860352,0.182556,2184.008,19.1528
Rust,quicksort,100000,943.405945,502.374084,0.364380,4350.584,38.1286
Rust,selectionsort,50000,472.576965,251.224365,0.194397,2173.188,19.1281
Rust,selectionsort,100000,956.154602,508.667908,0.362549,4312.62,38.6563
Swift,bubblesort,50000,1185.476929,634.793945,0.379761,222.928,48.1179
Swift,bubblesort,100000,314.521118,160.898193,0.142578,366.7,13.203
Swift,cyclesort,50000,1190.303162,638.174316,0.384399,222.764,48.2575
Swift,cyclesort,100000,316.305603,161.824646,0.139221,366.656,13.2777
Swift,heapsort,50000,1235.181396,661.120056,0.410034,226.104,50.1313
Swift,heapsort,100000,355.347107,181.838989,0.135803,370.276,14.9246
Swift,insertionsort,50000,1190.871704,638.271851,0.386719,222.968,48.2564
Swift,insertionsort,100000,315.179016,161.399292,0.126404,366.944,13.215
Swift,mergesort,50000,1243.705994,665.906128,0.413391,224.656,50.457
Swift,mergesort,100000,354.223267,181.316101,0.153442,368.504,14.8636
Swift,oddevensort,50000,6.260864,3.041321,0.011047,88.992,0.278594
Swift,oddevensort,100000,314.037231,160.927063,0.138733,366.568,13.1613
Swift,quicksort,50000,1263.904907,677.161255,0.434021,224.4,51.2781
Swift,quicksort,100000,354.813416,181.637085,0.148438,368.06,14.8875
Swift,selectionsort,50000,1192.003906,638.700378,0.419678,225.528,48.3303
Swift,selectionsort,100000,318.597290,163.113159,0.145020,367.096,13.3585
C,bubblesort,100000,5.249573,2.583801,0.019653,51.94,0.229041
C,cyclesort,100000,5.418762,2.805542,0.014771,52.588,0.225126
C,heapsort,100000,5.313965,2.743896,0.014343,51.944,0.22322
C,insertionsort,100000,5.097656,2.660400,0.019775,50.92,0.211429
C,mergesort,100000,5.491821,2.725464,0.012634,54.064,0.238534
C,oddevensort,100000,5.135010,2.692139,0.011230,52.548,0.21301
C,quicksort,100000,5.512207,2.878113,0.023315,52.04,0.226949
C,selectionsort,100000,4.963013,2.574036,0.012329,51.652,0.206398
C++,bubblesort,100000,14.909790,7.871338,0.018372,116.104,0.613098
C++,cyclesort,100000,15.581543,8.237793,0.024109,114.492,0.638471
C++,heapsort,100000,14.939636,7.932678,0.016174,114.604,0.609887
C++,insertionsort,100000,15.186340,8.061462,0.021118,115.348,0.618956
C++,mergesort,100000,16.272705,8.656067,0.030334,117.54,0.660044
C++,oddevensort,100000,14.812439,7.817200,0.019897,114.612,0.609296
C++,quicksort,100000,15.343445,8.147278,0.018188,115.528,0.624792
C++,selectionsort,100000,14.900574,7.918762,0.031494,115.592,0.604603
C#,bubblesort,100000,15.335999,8.171570,0.012939,73.544,0.625028
C#,cyclesort,100000,14.781860,7.793152,0.017700,69.628,0.606388
C#,heapsort,100000,15.107605,8.085327,0.023193,75.576,0.609551
C#,insertionsort,100000,15.093323,8.087646,0.004395,67.536,0.611945
C#,mergesort,100000,15.009155,8.033875,0.028076,71.584,0.605826
C#,oddevensort,100000,15.191406,8.071228,0.013794,69.572,0.618664
C#,quicksort,100000,15.065735,8.064026,0.015686,71.34,0.608772
C#,selectionsort,100000,15.052673,7.979431,0.014099,73.584,0.617538
Go,bubblesort,100000,3.683350,1.884949,0.012146,57.84,0.152608
Go,cyclesort,100000,3.303528,1.466980,0.009521,58.24,0.158065
Go,heapsort,100000,3.393250,1.685547,0.009338,57.844,0.145702
Go,insertionsort,100000,3.710449,1.825684,0.014343,57.76,0.159616
Go,mergesort,100000,3.144104,1.553528,0.012207,55.764,0.135917
Go,oddevensort,100000,3.568054,1.807495,0.011841,57.792,0.149636
Go,quicksort,100000,3.416321,1.653687,0.012451,56.284,0.151308
Go,selectionsort,100000,3.127686,1.379395,0.009399,55.876,0.149987
Haskell,bubblesort,100000,1208.722473,636.875610,0.450867,1689.58,48.8896
Haskell,cyclesort,100000,2427.869019,1279.828796,0.829224,2132.18,98.1262
Haskell,heapsort,100000,1197.814514,630.550720,0.410339,1759.316,48.5205
Haskell,insertionsort,100000,1237.278687,652.742004,0.418396,2112.516,49.9825
Haskell,mergesort,100000,1235.369080,650.862854,0.455688,1876.924,49.9527
Haskell,oddevensort,100000,1143.568909,602.410645,0.401062,1908.672,46.2689
Haskell,quicksort,100000,1201.672546,632.649658,0.403992,1680.428,48.657
Haskell,selectionsort,100000,1278.240967,673.681152,0.442627,1781.84,51.6786
Rust,bubblesort,100000,941.658081,499.862183,0.366394,4324.996,38.1449
Rust,cyclesort,100000,951.823608,506.198792,0.373291,4320.676,38.4864
Rust,heapsort,100000,927.647156,493.274353,0.353149,4318.732,37.5274
Rust,insertionsort,100000,917.830383,488.115112,0.365540,4314.56,37.0938
Rust,mergesort,100000,915.115540,486.516968,0.326721,4367.328,37.025
Rust,oddevensort,100000,975.047668,517.645142,0.376099,4342.66,39.5031
Rust,quicksort,100000,940.743408,501.274780,0.327148,4341.116,37.9858
Rust,selectionsort,100000,925.927856,492.175720,0.339478,4316.284,37.4532
Swift,bubblesort,100000,314.929504,160.700134,0.122070,366.868,13.2621
Swift,cyclesort,100000,316.081299,161.727661,0.130066,366.636,13.2701
Swift,heapsort,100000,349.605042,178.735779,0.142883,370.248,14.6883
Swift,insertionsort,100000,314.644165,161.133423,0.143860,366.852,13.1933
Swift,mergesort,100000,356.184631,182.925720,0.159485,368.616,14.8914
Swift,oddevensort,100000,319.798828,163.426025,0.127808,366.5,13.445
Swift,quicksort,100000,352.795776,180.764404,0.166077,368.308,14.7867
Swift,selectionsort,100000,315.835571,162.314392,0.127747,366.948,13.1989
C,bubblesort,100000,5.035522,2.597534,0.017029,51.816,0.210605
C,cyclesort,100000,5.272095,2.778503,0.019714,52.588,0.214533
C,heapsort,100000,5.007141,2.592529,0.015442,51.708,0.208289
C,insertionsort,100000,4.769470,2.448853,0.014343,51.3,0.201273
C,mergesort,100000,5.582336,2.987488,0.010498,53.48,0.224334
C,oddevensort,100000,5.297119,2.787170,0.029297,52.424,0.216383
C,quicksort,100000,5.439758,2.769043,0.011719,52.068,0.231796
C,selectionsort,100000,5.186035,2.694824,0.016113,51.808,0.214316
C++,bubblesort,100000,15.277954,8.145447,0.019775,115.896,0.619947
C++,cyclesort,100000,15.023315,8.036865,0.016907,114.612,0.606394
C++,heapsort,100000,15.708740,8.398804,0.034607,115.444,0.634093
C++,insertionsort,100000,14.833801,7.897400,0.018677,113.88,0.603041
C++,mergesort,100000,16.512207,8.809265,0.021667,116.296,0.670395
C++,oddevensort,100000,14.924438,7.964661,0.010742,114.6,0.607193
C++,quicksort,100000,15.479431,8.215637,0.032043,114.224,0.628731
C++,selectionsort,100000,15.010681,7.905396,0.018250,115.568,0.617578
C#,bubblesort,100000,15.160522,8.106812,0.014893,69.408,0.613426
C#,cyclesort,100000,15.176941,8.126404,0.005005,73.616,0.616167
C#,heapsort,100000,14.920410,8.005798,0.023254,71.564,0.60196
C#,insertionsort,100000,14.545959,7.812561,0.004578,73.348,0.587312
C#,mergesort,100000,15.353088,8.148865,0.015381,73.592,0.625067
C#,oddevensort,100000,14.977478,8.013916,0.004456,73.596,0.607588
C#,quicksort,100000,15.057007,8.014343,0.028015,67.48,0.612309
C#,selectionsort,100000,14.734314,7.965759,0.002319,77.552,0.592154
Go,bubblesort,100000,3.735413,1.905457,0.011169,57.696,0.15539
Go,cyclesort,100000,3.497620,1.646973,0.016541,57.864,0.157822
Go,heapsort,100000,3.198547,1.586304,0.008362,55.988,0.137515
Go,insertionsort,100000,3.607727,1.808105,0.009888,57.5,0.153919
Go,mergesort,100000,3.199585,1.304504,0.010376,57.972,0.163238
Go,oddevensort,100000,3.356628,1.706055,0.012329,55.76,0.140948
Go,quicksort,100000,3.606201,1.803894,0.011414,56.264,0.153863
Go,selectionsort,100000,3.012878,1.434387,0.008484,55.728,0.134314
Haskell,bubblesort,100000,1224.951538,644.325928,0.405579,1976.168,49.6565
Haskell,cyclesort,100000,2419.385071,1274.584106,0.821533,2194.744,97.86
Haskell,heapsort,100000,1200.168701,632.624756,0.428955,1768.164,48.5089
Haskell,insertionsort,100000,1234.228760,650.169250,0.449402,2112.608,49.9363
Haskell,mergesort,100000,1229.698853,648.072144,0.438354,1887.692,49.7107
Haskell,oddevensort,100000,1139.167847,600.221802,0.424988,1902.896,46.0711
Haskell,quicksort,100000,1195.893005,630.954529,0.440735,1721.092,48.2868
Haskell,selectionsort,100000,1300.591125,685.243164,0.470642,2052.096,52.6103
Rust,bubblesort,100000,946.442688,502.687622,0.358643,4321.552,38.3146
Rust,cyclesort,100000,951.546631,505.044250,0.353333,4314.336,38.5514
Rust,heapsort,100000,962.252625,511.171570,0.356323,4317.992,38.9821
Rust,insertionsort,100000,936.390198,497.296265,0.380432,4320.532,37.8984
Rust,mergesort,100000,917.505371,487.737976,0.365295,4361.348,37.1074
Rust,oddevensort,100000,955.712219,508.476440,0.374634,4318.524,38.6135
Rust,quicksort,100000,904.833435,480.804199,0.345215,4342.752,36.6427
Rust,selectionsort,100000,976.263184,519.775818,0.362061,4318.176,39.4307
Swift,bubblesort,100000,320.053589,163.673523,0.137512,366.696,13.4441
Swift,cyclesort,100000,319.965454,163.341492,0.143188,366.684,13.4653
Swift,heapsort,100000,349.765991,179.616394,0.166931,370.392,14.624
Swift,insertionsort,100000,316.040161,162.392822,0.125671,367.016,13.2094
Swift,mergesort,100000,347.959839,178.148499,0.151611,368.648,14.5959
Swift,oddevensort,100000,314.674316,161.610657,0.125671,366.472,13.1584
Swift,quicksort,100000,352.623413,180.202026,0.137756,368.156,14.8288
Swift,selectionsort,100000,320.137329,164.244019,0.141846,367.02,13.3988
C,bubblesort,100000,4.652649,2.470886,0.022034,51.996,0.188006
C,cyclesort,100000,5.203857,2.763672,0.016174,52.56,0.212255
C,heapsort,100000,5.300781,2.831055,0.011292,52.068,0.21504
C,insertionsort,100000,5.191101,2.701843,0.014221,51.176,0.214849
C,mergesort,100000,5.661865,2.909912,0.019836,53.452,0.236439
C,oddevensort,100000,5.326965,2.764526,0.014893,52.552,0.221828
C,quicksort,100000,5.551086,2.907349,0.016052,52.06,0.228974
C,selectionsort,100000,5.238892,2.650452,0.018494,51.94,0.220764
C++,bubblesort,100000,14.493225,7.708313,0.022156,116.136,0.590253
C++,cyclesort,100000,15.567505,8.235352,0.020935,114.312,0.636814
C++,heapsort,100000,15.280212,8.116638,0.013611,115.172,0.623854
C++,insertionsort,100000,14.927673,7.924133,0.023193,114.0,0.607955
C++,mergesort,100000,16.440491,8.670227,0.024658,116.78,0.67373
