Language,Algorithm,Size,Package,Core(s),GPU,Memory(KB),Time(sec)
C,bubblesort,25000,33.747070,17.810547,0.031250,3584,1.39537
C,bubblesort,25000,33.727234,17.794983,0.012756,3584,1.39557
C,bubblesort,25000,34.031189,17.943176,0.009094,3584,1.41106
C,bubblesort,25000,34.242920,18.149597,0.018188,3584,1.40853
C,bubblesort,25000,34.042664,18.058411,0.011230,3712,1.4008
C,cyclesort,25000,34.417419,18.122070,0.017090,3648,1.42809
C,cyclesort,25000,34.935059,18.599182,0.028137,3648,1.43014
C,cyclesort,25000,34.773254,18.432373,0.011597,3712,1.43165
C,cyclesort,25000,34.593018,18.331177,0.014526,3712,1.42435
C,cyclesort,25000,34.967896,18.476257,0.009583,3712,1.44716
C,heapsort,25000,0.137634,0.065979,0.000000,3712,0.005487
C,heapsort,25000,0.192017,0.096069,0.004944,3712,0.006586
C,heapsort,25000,0.140137,0.070496,0.004272,3712,0.00614
C,heapsort,25000,0.181641,0.086670,0.004456,3712,0.006251
C,heapsort,25000,0.163879,0.081299,0.004089,3712,0.00718
C,insertionsort,25000,1.661560,0.862671,0.009399,3520,0.069132
C,insertionsort,25000,1.397583,0.707764,0.006958,3584,0.060119
C,insertionsort,25000,1.390381,0.730957,0.006714,3584,0.05679
C,insertionsort,25000,1.874817,0.986511,0.010681,3584,0.076179
C,insertionsort,25000,1.580139,0.809387,0.012573,3584,0.065985
C,mergesort,25000,0.130615,0.071777,0.005249,3584,0.005654
C,mergesort,25000,0.119080,0.063843,0.002258,3584,0.005313
C,mergesort,25000,0.114685,0.065857,0.001953,3584,0.005391
C,mergesort,25000,0.122742,0.067383,0.004395,3584,0.005622
C,mergesort,25000,0.125854,0.068054,0.004211,3584,0.005245
C,oddevensort,25000,12.813171,6.763062,0.010437,3456,0.529097
C,oddevensort,25000,13.141968,7.094788,0.013611,3712,0.527964
C,oddevensort,25000,13.364929,7.150757,0.012146,3712,0.542077
C,oddevensort,25000,12.865967,6.862671,0.012268,3712,0.525225
C,oddevensort,25000,12.713745,6.703247,0.000000,3712,0.529422
C,quicksort,25000,0.153870,0.063782,0.008240,3648,0.005452
C,quicksort,25000,0.148987,0.065491,0.004944,3648,0.005211
C,quicksort,25000,0.122253,0.060669,0.000427,3648,0.004467
C,quicksort,25000,0.121643,0.053467,0.004578,3648,0.005032
C,quicksort,25000,0.122498,0.064514,0.003418,3712,0.00502
C,selectionsort,25000,4.692566,2.443542,0.009705,3456,0.194305
C,selectionsort,25000,4.832214,2.565674,0.014587,3584,0.196986
C,selectionsort,25000,4.789856,2.521790,0.009949,3712,0.196771
C,selectionsort,25000,4.471863,2.370667,0.006897,3712,0.184383
C,selectionsort,25000,4.430603,2.346375,0.005981,3712,0.180283
C++,bubblesort,25000,34.127747,17.899292,0.028564,3912,1.4219
C++,bubblesort,25000,34.257935,17.927795,0.010376,3912,1.42914
C++,bubblesort,25000,34.370972,18.095886,0.025391,3912,1.42524
C++,bubblesort,25000,34.300720,18.080811,0.015381,3912,1.42081
C++,bubblesort,25000,34.477783,18.145447,0.032349,3912,1.42783
C++,cyclesort,25000,37.651672,19.663574,0.026672,3840,1.57327
C++,cyclesort,25000,37.058777,19.417603,0.027832,3840,1.54398
C++,cyclesort,25000,37.786804,19.914429,0.027771,3840,1.56563
C++,cyclesort,25000,37.060181,19.375305,0.027954,3912,1.5481
C++,cyclesort,25000,37.429749,19.754944,0.023438,3912,1.54857
C++,heapsort,25000,0.197388,0.091492,0.005554,3840,0.007696
C++,heapsort,25000,0.172668,0.086914,0.004211,3912,0.00685
C++,heapsort,25000,0.173279,0.091858,0.004578,3912,0.007454
C++,heapsort,25000,0.180786,0.097778,0.004456,3912,0.006882
C++,heapsort,25000,0.167419,0.060242,0.004456,3912,0.007915
C++,insertionsort,25000,1.696045,0.765137,0.010620,3840,0.079439
C++,insertionsort,25000,1.813110,0.970642,0.012756,3840,0.072149
C++,insertionsort,25000,2.161743,1.137878,0.011780,3840,0.087633
C++,insertionsort,25000,1.665100,0.897339,0.007446,3840,0.067398
C++,insertionsort,25000,1.677612,0.885559,0.007385,3840,0.067641
C++,mergesort,25000,0.224121,0.125610,0.008362,3912,0.009511
C++,mergesort,25000,0.243164,0.108643,0.004578,3912,0.009451
C++,mergesort,25000,0.226929,0.118225,0.004456,3912,0.009273
C++,mergesort,25000,0.238037,0.127014,0.004700,3912,0.008501
C++,mergesort,25000,0.260864,0.130005,0.004517,3912,0.011322
C++,oddevensort,25000,12.175537,6.504456,0.012268,3840,0.494621
C++,oddevensort,25000,12.342224,6.577148,0.020630,3912,0.501507
C++,oddevensort,25000,12.241882,6.573425,0.000000,3912,0.498047
C++,oddevensort,25000,12.150635,6.416992,0.020874,3912,0.500094
C++,oddevensort,25000,12.165527,6.497803,0.013428,3912,0.496028
C++,quicksort,25000,0.171570,0.073975,0.007996,3656,0.006827
C++,quicksort,25000,0.133911,0.061218,0.003662,3840,0.005951
C++,quicksort,25000,0.128601,0.060852,0.001587,3912,0.005937
C++,quicksort,25000,0.159424,0.060303,0.003723,3912,0.006105
C++,quicksort,25000,0.140320,0.064941,0.004456,3912,0.006211
C++,selectionsort,25000,4.783142,2.461670,0.012451,3656,0.200652
C++,selectionsort,25000,4.831360,2.570923,0.014893,3784,0.195766
C++,selectionsort,25000,4.725708,2.512024,0.007446,3840,0.193256
C++,selectionsort,25000,4.317261,2.293518,0.006104,3912,0.177077
C++,selectionsort,25000,4.707092,2.501648,0.005981,3912,0.191937
C#,bubblesort,25000,40.829773,21.785461,0.031433,17596,1.66613
C#,bubblesort,25000,41.268188,22.348267,0.026489,19828,1.65592
C#,bubblesort,25000,40.566223,21.764648,0.009521,21904,1.64925
C#,bubblesort,25000,40.841003,21.942505,0.017578,21904,1.65504
C#,bubblesort,25000,40.555847,21.781738,0.019043,21904,1.64334
C#,cyclesort,25000,61.949951,33.110840,0.033752,19800,2.52712
C#,cyclesort,25000,61.465149,32.951904,0.036377,19800,2.49696
C#,cyclesort,25000,62.054932,33.220703,0.035645,19924,2.52279
C#,cyclesort,25000,61.601257,32.992126,0.022766,21828,2.50556
C#,cyclesort,25000,62.188293,33.317749,0.028992,21948,2.52896
C#,heapsort,25000,0.615234,0.336060,0.000000,24052,0.02539
C#,heapsort,25000,0.596069,0.281494,0.006287,24052,0.027301
C#,heapsort,25000,0.612549,0.281921,0.005798,24052,0.027731
C#,heapsort,25000,0.627625,0.302551,0.005920,24052,0.027766
C#,heapsort,25000,0.824097,0.408997,0.006104,24052,0.033269
C#,insertionsort,25000,9.786255,5.200439,0.024170,19992,0.400629
C#,insertionsort,25000,10.090759,5.409851,0.009155,19996,0.407186
C#,insertionsort,25000,9.699707,5.221741,0.014282,21840,0.391563
C#,insertionsort,25000,9.806580,5.271790,0.012268,21956,0.397625
C#,insertionsort,25000,10.013672,5.355652,0.007141,21988,0.406527
C#,mergesort,25000,0.628052,0.328918,0.005493,22028,0.026367
C#,mergesort,25000,0.619263,0.289001,0.008240,23940,0.027789
C#,mergesort,25000,0.655029,0.308533,0.012878,23940,0.029355
C#,mergesort,25000,0.603394,0.290894,0.005920,23940,0.02722
C#,mergesort,25000,0.751892,0.389709,0.005920,24064,0.031134
C#,oddevensort,25000,28.770569,15.459290,0.017212,20012,1.16435
C#,oddevensort,25000,28.515503,15.327942,0.006897,21848,1.15733
C#,oddevensort,25000,28.452942,15.301392,0.010559,21964,1.15263
C#,oddevensort,25000,29.047241,15.647278,0.020325,21980,1.1738
C#,oddevensort,25000,28.606445,15.423157,0.010620,21980,1.15653
C#,quicksort,25000,0.711121,0.362122,0.013611,19956,0.027128
C#,quicksort,25000,0.839905,0.379456,0.013000,20036,0.037441
C#,quicksort,25000,0.815491,0.392639,0.006226,20036,0.035985
C#,quicksort,25000,0.652344,0.281616,0.005920,22068,0.030239
C#,quicksort,25000,0.572083,0.277588,0.008118,22068,0.025102
C#,selectionsort,25000,11.249146,6.015808,0.010925,17808,0.458027
C#,selectionsort,25000,11.211365,5.999695,0.022095,21808,0.453718
C#,selectionsort,25000,10.877258,5.819519,0.008850,21808,0.441737
C#,selectionsort,25000,10.986694,5.902344,0.008789,21808,0.443498
C#,selectionsort,25000,11.255676,6.009705,0.021423,21808,0.456707
Go,bubblesort,25000,20.244873,10.904663,0.013123,3584,0.819805
Go,bubblesort,25000,19.996399,10.715942,0.020203,3584,0.813544
Go,bubblesort,25000,20.123901,10.774902,0.000000,3584,0.821059
Go,bubblesort,25000,19.822449,10.562195,0.024963,3712,0.809051
Go,bubblesort,25000,20.181213,10.823303,0.007019,3712,0.821453
Go,cyclesort,25000,34.362244,18.260315,0.031311,3392,1.40983
Go,cyclesort,25000,34.107117,18.215515,0.016479,3392,1.3921
Go,cyclesort,25000,33.941772,18.147034,0.009705,3456,1.38672
Go,cyclesort,25000,34.207642,18.194275,0.016663,3520,1.40325
Go,cyclesort,25000,34.032043,18.125671,0.011841,3520,1.39234
Go,heapsort,25000,0.209106,0.120605,0.000000,3712,0.007977
Go,heapsort,25000,0.236572,0.121216,0.004456,3712,0.008788
Go,heapsort,25000,0.213806,0.102295,0.004517,3712,0.00854
Go,heapsort,25000,0.202759,0.110046,0.005066,3712,0.008166
Go,heapsort,25000,0.220886,0.093018,0.004517,5352,0.009912
Go,insertionsort,25000,2.296875,1.185669,0.009705,3456,0.095874
Go,insertionsort,25000,2.451843,1.306396,0.006287,3584,0.098794
Go,insertionsort,25000,2.587646,1.378723,0.008850,3584,0.105454
Go,insertionsort,25000,2.265015,1.189880,0.014221,3584,0.091512
Go,insertionsort,25000,2.811829,1.456299,0.009705,3584,0.116801
Go,mergesort,25000,0.206421,0.097290,0.005310,7580,0.007641
Go,mergesort,25000,0.189026,0.087585,0.005066,7584,0.007425
Go,mergesort,25000,0.174011,0.085632,0.004578,7584,0.007287
Go,mergesort,25000,0.190613,0.087158,0.005127,7584,0.007486
Go,mergesort,25000,0.183838,0.082092,0.004822,7584,0.007397
Go,oddevensort,25000,11.328857,6.039795,0.005493,3584,0.464076
Go,oddevensort,25000,11.157043,6.023132,0.006592,3584,0.448867
Go,oddevensort,25000,11.018372,5.911133,0.009827,3584,0.447392
Go,oddevensort,25000,11.223999,5.979309,0.010315,3584,0.457869
Go,oddevensort,25000,11.143860,6.011292,0.002930,3712,0.449719
Go,quicksort,25000,0.200623,0.092041,0.008057,3648,0.007398
Go,quicksort,25000,0.179321,0.097412,0.004333,3648,0.007392
Go,quicksort,25000,0.149475,0.085999,0.003845,3648,0.006616
Go,quicksort,25000,0.202087,0.096863,0.003052,3648,0.007201
Go,quicksort,25000,0.211670,0.113281,0.004089,3648,0.007676
Go,selectionsort,25000,9.039612,4.804321,0.015442,3456,0.368451
Go,selectionsort,25000,9.374207,5.007446,0.018799,3648,0.379227
Go,selectionsort,25000,8.835999,4.707825,0.005737,3648,0.362234
Go,selectionsort,25000,9.399414,5.021545,0.011230,3648,0.381699
Go,selectionsort,25000,8.887085,4.756531,0.015869,3648,0.359986
Haskell,bubblesort,25000,0.147644,0.082397,0.000000,6208,0.005903
Haskell,bubblesort,25000,0.181580,0.093567,0.004272,6336,0.006728
Haskell,bubblesort,25000,0.162354,0.075500,0.004883,6336,0.00685
Haskell,bubblesort,25000,0.189209,0.094482,0.004517,6336,0.006636
Haskell,bubblesort,25000,0.166626,0.065735,0.005554,6336,0.007773
Haskell,cyclesort,25000,231.395569,124.200073,0.087097,11456,9.34597
Haskell,cyclesort,25000,230.610046,123.677673,0.092224,11516,9.31937
Haskell,cyclesort,25000,228.897461,122.842285,0.072021,11516,9.24601
Haskell,cyclesort,25000,231.037231,123.957397,0.065491,11516,9.33488
Haskell,cyclesort,25000,231.627625,124.452881,0.074524,11516,9.34206
Haskell,heapsort,25000,0.123413,0.052673,0.005859,3648,0.004406
Haskell,heapsort,25000,0.101562,0.059814,0.003174,3712,0.004354
Haskell,heapsort,25000,0.115723,0.039246,0.004456,3712,0.004553
Haskell,heapsort,25000,0.080750,0.038025,0.001221,3712,0.004082
Haskell,heapsort,25000,0.106812,0.037292,0.003601,3712,0.00441
Haskell,insertionsort,25000,0.121033,0.049500,0.004089,6464,0.006295
Haskell,insertionsort,25000,0.146912,0.057007,0.004211,6464,0.006291
Haskell,insertionsort,25000,0.123596,0.053345,0.002014,6464,0.005973
Haskell,insertionsort,25000,0.144531,0.054138,0.003113,6528,0.006263
Haskell,insertionsort,25000,0.125488,0.052917,0.004333,6528,0.006332
Haskell,mergesort,25000,0.366211,0.142761,0.007935,10432,0.0172
Haskell,mergesort,25000,0.309998,0.120483,0.005615,10496,0.016065
Haskell,mergesort,25000,0.358459,0.138123,0.005920,10496,0.017072
Haskell,mergesort,25000,0.325500,0.147583,0.005005,10496,0.016787
Haskell,mergesort,25000,0.433533,0.233704,0.005920,10496,0.017461
Haskell,oddevensort,25000,0.548706,0.248901,0.009338,10428,0.025178
Haskell,oddevensort,25000,0.500366,0.259583,0.005737,10428,0.019859
Haskell,oddevensort,25000,0.454163,0.197937,0.005859,10428,0.02029
Haskell,oddevensort,25000,0.331116,0.110352,0.005249,10560,0.019361
Haskell,oddevensort,25000,0.345642,0.153625,0.005859,10560,0.0156
Haskell,quicksort,25000,0.148560,0.070068,0.007568,5568,0.005969
Haskell,quicksort,25000,0.111206,0.052795,0.000610,5568,0.004749
Haskell,quicksort,25000,0.121948,0.058167,0.004822,5696,0.005081
Haskell,quicksort,25000,0.120605,0.055969,0.002319,5696,0.004711
Haskell,quicksort,25000,0.116333,0.053528,0.002441,5696,0.00505
Haskell,selectionsort,25000,0.104187,0.047058,0.004150,3520,0.003961
Haskell,selectionsort,25000,0.091980,0.046021,0.001099,3520,0.003697
Haskell,selectionsort,25000,0.093445,0.043030,0.003906,3648,0.003918
Haskell,selectionsort,25000,0.067871,0.041870,0.000061,3648,0.003523
Haskell,selectionsort,25000,0.105530,0.051636,0.004150,3648,0.00399
Python,bubblesort,25000,604.920166,325.959045,0.224365,32592,24.4306
Python,bubblesort,25000,585.791626,316.284180,0.170410,32616,23.6221
Python,bubblesort,25000,595.871521,321.223755,0.177917,32616,24.0834
Python,bubblesort,25000,593.896423,319.951965,0.185120,32616,24.0043
Python,bubblesort,25000,589.795532,318.203369,0.178711,32616,23.8053
Python,cyclesort,25000,895.418091,483.225952,0.282898,32804,36.1228
Python,cyclesort,25000,888.104004,478.970703,0.256958,32804,35.8548
Python,cyclesort,25000,888.745361,479.557678,0.289062,32804,35.856
Python,cyclesort,25000,886.661926,478.019470,0.279968,32804,35.822
Python,cyclesort,25000,883.827515,476.829834,0.272949,32804,35.6727
Python,heapsort,25000,3.395081,1.758362,0.013184,32772,0.139267
Python,heapsort,25000,3.188599,1.710754,0.016724,32772,0.128342
Python,heapsort,25000,3.249512,1.709167,0.005737,32772,0.131111
Python,heapsort,25000,3.333557,1.793335,0.006165,32772,0.132939
Python,heapsort,25000,3.049316,1.603577,0.006042,32812,0.124369
Python,insertionsort,25000,258.222290,139.402710,0.099854,32568,10.411
Python,insertionsort,25000,261.556824,141.175842,0.094666,32608,10.556
Python,insertionsort,25000,260.387573,140.190735,0.093750,32608,10.5341
Python,insertionsort,25000,256.298889,138.089050,0.088562,32612,10.3659
Python,insertionsort,25000,257.845215,138.991760,0.080017,32612,10.4198
Python,mergesort,25000,3.118164,1.638977,0.004272,32780,0.127871
Python,mergesort,25000,2.585876,1.365295,0.006165,32780,0.10402
Python,mergesort,25000,3.142151,1.632629,0.011047,32780,0.12995
Python,mergesort,25000,2.538025,1.328064,0.007812,32780,0.105134
Python,mergesort,25000,3.134277,1.685059,0.006836,32780,0.124651
Python,oddevensort,25000,625.757019,337.905334,0.197266,32788,25.2404
Python,oddevensort,25000,613.305115,331.166687,0.192078,32788,24.7446
Python,oddevensort,25000,620.619385,335.037598,0.179077,32788,25.0451
Python,oddevensort,25000,618.008850,333.320374,0.218628,32788,24.9502
Python,oddevensort,25000,623.862732,336.923767,0.210388,32788,25.146
Python,quicksort,25000,2.173889,1.091980,0.012817,32600,0.092803
Python,quicksort,25000,2.252808,1.205627,0.007568,32600,0.089659
Python,quicksort,25000,2.702332,1.409607,0.010559,32600,0.11084
Python,quicksort,25000,2.222107,1.186462,0.014709,32600,0.08929
Python,quicksort,25000,2.620300,1.385315,0.007141,32600,0.105593
Python,selectionsort,25000,276.614197,149.324097,0.106812,32568,11.1525
Python,selectionsort,25000,271.718750,146.606140,0.091187,32608,10.9607
Python,selectionsort,25000,272.576538,146.866638,0.069519,32608,11.0228
Python,selectionsort,25000,273.450439,147.284180,0.100281,32608,11.0532
Python,selectionsort,25000,271.426758,146.544434,0.083069,32612,10.947
Rust,bubblesort,25000,21.217285,11.331055,0.018311,3392,0.86388
Rust,bubblesort,25000,21.026672,11.211365,0.022583,3712,0.857529
Rust,bubblesort,25000,20.965393,11.181580,0.022583,3712,0.854721
Rust,bubblesort,25000,21.214844,11.330933,0.020935,3712,0.864889
Rust,bubblesort,25000,20.852661,11.153442,0.010376,3712,0.851468
Rust,cyclesort,25000,5.869385,3.143250,0.015930,3456,0.235545
Rust,cyclesort,25000,5.734314,3.082947,0.001404,3584,0.233456
Rust,cyclesort,25000,5.838684,3.150024,0.015747,3712,0.234304
Rust,cyclesort,25000,5.734863,3.062256,0.009094,3712,0.233159
Rust,cyclesort,25000,5.745239,3.079468,0.008423,3712,0.233184
Rust,heapsort,25000,0.149170,0.084045,0.006165,3452,0.006654
Rust,heapsort,25000,0.144714,0.091125,0.002502,3712,0.006354
Rust,heapsort,25000,0.151123,0.069275,0.004944,3712,0.00705
Rust,heapsort,25000,0.160034,0.068237,0.004028,3712,0.006882
Rust,heapsort,25000,0.134338,0.065552,0.004700,3712,0.006645
Rust,insertionsort,25000,3.404663,1.794006,0.017273,3456,0.138896
Rust,insertionsort,25000,2.961792,1.599609,0.000000,3712,0.120061
Rust,insertionsort,25000,3.351562,1.762085,0.006104,3712,0.1379
Rust,insertionsort,25000,2.885925,1.524048,0.005981,3712,0.119284
Rust,insertionsort,25000,3.404846,1.797180,0.007202,3712,0.13844
Rust,mergesort,25000,0.174500,0.084412,0.007324,3584,0.006937
Rust,mergesort,25000,0.186157,0.095398,0.002258,3712,0.006215
Rust,mergesort,25000,0.164246,0.080566,0.005310,3712,0.006629
Rust,mergesort,25000,0.163818,0.067932,0.004150,3712,0.00672
Rust,mergesort,25000,0.160522,0.070923,0.004395,3712,0.006359
Rust,oddevensort,25000,16.151611,8.553101,0.014832,3456,0.665335
Rust,oddevensort,25000,15.680237,8.389893,0.021606,3456,0.638778
Rust,oddevensort,25000,16.196411,8.688416,0.012146,3712,0.658034
Rust,oddevensort,25000,15.754700,8.451111,0.007690,3712,0.639991
Rust,oddevensort,25000,16.239441,8.694397,0.016724,3712,0.658808
Rust,quicksort,25000,0.146362,0.068237,0.007446,3648,0.005975
Rust,quicksort,25000,0.111023,0.064575,0.001587,3648,0.005524
Rust,quicksort,25000,0.124451,0.052307,0.003601,3648,0.005733
Rust,quicksort,25000,0.141602,0.063904,0.004578,3648,0.005848
Rust,quicksort,25000,0.111267,0.055969,0.003357,3712,0.005559
Rust,selectionsort,25000,7.671204,4.059875,0.006775,3456,0.315825
Rust,selectionsort,25000,7.756104,4.128357,0.006042,3456,0.31667
Rust,selectionsort,25000,7.460876,4.006287,0.011902,3584,0.300681
Rust,selectionsort,25000,7.425964,3.975098,0.015747,3712,0.301243
Rust,selectionsort,25000,7.776489,4.166016,0.000000,3712,0.316955
Swift,bubblesort,25000,32.997375,17.716553,0.026489,10716,1.33713
Swift,bubblesort,25000,33.170227,17.872681,0.024048,10716,1.34007
Swift,bubblesort,25000,34.062744,18.334778,0.010681,10716,1.38057
Swift,bubblesort,25000,32.918091,17.666687,0.014282,10716,1.33568
Swift,bubblesort,25000,33.992249,18.325378,0.008911,10716,1.37394
Swift,cyclesort,25000,41.141846,21.894592,0.034119,10656,1.68328
Swift,cyclesort,25000,40.777710,21.893372,0.008972,10656,1.65824
Swift,cyclesort,25000,40.895142,21.901062,0.029297,10656,1.66158
Swift,cyclesort,25000,41.166809,22.097046,0.011353,10656,1.67149
Swift,cyclesort,25000,40.729187,21.846497,0.011536,10656,1.65521
Swift,heapsort,25000,0.292358,0.154968,0.008118,10744,0.012289
Swift,heapsort,25000,0.304871,0.132751,0.005615,10744,0.012372
Swift,heapsort,25000,0.279602,0.137878,0.004883,10744,0.012295
Swift,heapsort,25000,0.221130,0.102356,0.004761,10860,0.009666
Swift,heapsort,25000,0.214844,0.113342,0.005859,10860,0.009521
Swift,insertionsort,25000,12.185852,6.460632,0.017456,10600,0.499684
Swift,insertionsort,25000,12.094788,6.474609,0.018494,10600,0.492724
Swift,insertionsort,25000,11.968567,6.474426,0.006104,10656,0.482091
Swift,insertionsort,25000,11.956055,6.460693,0.008179,10656,0.482434
Swift,insertionsort,25000,12.058289,6.450317,0.020264,10656,0.490309
Swift,mergesort,25000,0.406677,0.213867,0.011047,10988,0.016379
Swift,mergesort,25000,0.390991,0.203247,0.005981,11056,0.015891
Swift,mergesort,25000,0.390564,0.191223,0.007324,11056,0.015681
Swift,mergesort,25000,0.387756,0.186279,0.006775,11056,0.017
Swift,mergesort,25000,0.381653,0.174011,0.005676,11060,0.016548
Swift,oddevensort,25000,29.004761,15.550720,0.029602,10648,1.17665
Swift,oddevensort,25000,28.443787,15.259399,0.009399,10648,1.15525
Swift,oddevensort,25000,28.894836,15.537598,0.014160,10648,1.17098
Swift,oddevensort,25000,29.480286,15.806641,0.021729,10744,1.19782
Swift,oddevensort,25000,28.438171,15.350342,0.007935,10744,1.14932
Swift,quicksort,25000,0.533569,0.276001,0.009888,11712,0.021514
Swift,quicksort,25000,0.654480,0.353455,0.005615,11844,0.02619
Swift,quicksort,25000,0.684753,0.333191,0.005615,11844,0.028294
Swift,quicksort,25000,0.659485,0.359558,0.006226,11844,0.026569
Swift,quicksort,25000,0.537720,0.276489,0.005859,11844,0.023362
Swift,selectionsort,25000,6.933228,3.702271,0.013062,10672,0.280551
Swift,selectionsort,25000,7.022461,3.747803,0.023926,10672,0.283958
Swift,selectionsort,25000,7.009521,3.789673,0.006165,10672,0.280719
Swift,selectionsort,25000,7.125549,3.819031,0.005981,10672,0.289105
Swift,selectionsort,25000,7.240662,3.878845,0.006287,10672,0.293942
C,bubblesort,50000,138.326904,72.938965,0.071716,3392,5.72978
C,bubblesort,50000,139.523804,73.760315,0.060669,3452,5.76381
C,bubblesort,50000,139.421082,73.277405,0.050903,3712,5.80372
C,bubblesort,50000,140.640381,74.473022,0.066833,3712,5.80117
C,bubblesort,50000,139.257996,73.381897,0.046204,3712,5.77757
C,cyclesort,50000,138.297974,73.014526,0.062073,3584,5.72177
C,cyclesort,50000,138.896362,73.425354,0.043579,3584,5.74085
C,cyclesort,50000,138.773376,73.404358,0.045898,3584,5.7317
C,cyclesort,50000,139.341064,73.870789,0.048828,3712,5.74474
C,cyclesort,50000,138.235840,72.707092,0.053528,3712,5.7444
C,heapsort,50000,0.203064,0.093262,0.008972,3584,0.007666
C,heapsort,50000,0.163269,0.079895,0.004700,3584,0.007045
C,heapsort,50000,0.165894,0.079407,0.003906,3708,0.006877
C,heapsort,50000,0.179749,0.074280,0.003906,3708,0.006923
C,heapsort,50000,0.135986,0.074036,0.001587,3708,0.006664
C,insertionsort,50000,5.966125,3.203430,0.005981,3424,0.240663
C,insertionsort,50000,5.949463,3.160339,0.005920,3648,0.242041
C,insertionsort,50000,5.965515,3.197388,0.007202,3648,0.240445
C,insertionsort,50000,5.906555,3.176941,0.013306,3648,0.238306
C,insertionsort,50000,5.994019,3.218262,0.002747,3648,0.241229
C,mergesort,50000,0.202820,0.101624,0.009949,3520,0.008444
C,mergesort,50000,0.198730,0.096008,0.005310,3584,0.007533
C,mergesort,50000,0.187012,0.086670,0.005737,3584,0.007727
C,mergesort,50000,0.182800,0.105713,0.003906,3584,0.007404
C,mergesort,50000,0.192261,0.088501,0.004761,3584,0.007866
C,oddevensort,50000,54.572571,29.280701,0.028625,3456,2.21557
C,oddevensort,50000,54.414124,29.223267,0.018738,3456,2.2108
C,oddevensort,50000,54.198303,29.077637,0.020142,3648,2.2034
C,oddevensort,50000,54.328186,29.133667,0.029724,3648,2.20712
C,oddevensort,50000,54.854370,29.468445,0.018738,3648,2.22506
C,quicksort,50000,0.232605,0.119263,0.008423,3456,0.009136
C,quicksort,50000,0.175659,0.099182,0.004395,3456,0.008855
C,quicksort,50000,0.174011,0.078918,0.004456,3584,0.008324
C,quicksort,50000,0.152222,0.067261,0.005249,3584,0.006803
C,quicksort,50000,0.170166,0.079041,0.004517,3584,0.006605
C,selectionsort,50000,18.252258,9.782654,0.020020,3712,0.739805
C,selectionsort,50000,18.181702,9.790039,0.011108,3712,0.736787
C,selectionsort,50000,18.102051,9.786377,0.008850,3712,0.730918
C,selectionsort,50000,18.324158,9.834351,0.020996,3712,0.74075
C,selectionsort,50000,18.258301,9.816101,0.012024,3712,0.739024
C++,bubblesort,50000,142.325439,75.418518,0.065369,4096,5.86335
C++,bubblesort,50000,141.898804,75.234619,0.039124,4096,5.84887
C++,bubblesort,50000,141.043457,74.383606,0.046082,4096,5.84812
C++,bubblesort,50000,141.564087,74.777832,0.062073,4096,5.8564
C++,bubblesort,50000,141.849792,75.291321,0.048218,4096,5.83732
C++,cyclesort,50000,148.145264,77.781677,0.048401,4096,6.17234
C++,cyclesort,50000,147.589294,77.385681,0.046631,4168,6.15808
C++,cyclesort,50000,148.150879,77.790222,0.054382,4168,6.17098
C++,cyclesort,50000,146.885071,77.060242,0.054810,4168,6.12412
C++,cyclesort,50000,147.913940,77.748230,0.060364,4168,6.15542
C++,heapsort,50000,0.205505,0.107361,0.008057,4040,0.007925
C++,heapsort,50000,0.192810,0.096497,0.005066,4168,0.007547
C++,heapsort,50000,0.227417,0.103149,0.005920,4168,0.008152
C++,heapsort,50000,0.173889,0.063171,0.004822,4168,0.00874
C++,heapsort,50000,0.178711,0.065918,0.004883,4168,0.008642
C++,insertionsort,50000,6.875732,3.582642,0.005615,4096,0.287247
C++,insertionsort,50000,7.190613,3.883545,0.010742,4168,0.289469
C++,insertionsort,50000,7.233948,3.902588,0.013000,4168,0.289486
C++,insertionsort,50000,6.958130,3.705139,0.008911,4168,0.283994
C++,insertionsort,50000,6.823059,3.677734,0.000000,4168,0.277283
C++,mergesort,50000,0.323608,0.149597,0.008545,4100,0.014004
C++,mergesort,50000,0.336487,0.163086,0.005554,4104,0.015167
C++,mergesort,50000,0.376831,0.219238,0.007019,4104,0.014723
C++,mergesort,50000,0.410156,0.180481,0.012085,4172,0.017687
C++,mergesort,50000,0.318542,0.170288,0.004272,4172,0.013305
C++,oddevensort,50000,53.899841,28.828491,0.035583,3900,2.19654
C++,oddevensort,50000,53.781799,28.813477,0.034729,4096,2.18544
C++,oddevensort,50000,53.768433,28.904785,0.018860,4096,2.17974
C++,oddevensort,50000,53.796631,28.799927,0.012573,4096,2.19235
C++,oddevensort,50000,54.109619,29.065735,0.020569,4096,2.19595
C++,quicksort,50000,0.188965,0.097351,0.000000,4096,0.007932
C++,quicksort,50000,0.172058,0.091064,0.005066,4168,0.007712
C++,quicksort,50000,0.168640,0.092163,0.006836,4168,0.007758
C++,quicksort,50000,0.184143,0.084412,0.005798,4168,0.007752
C++,quicksort,50000,0.182861,0.079895,0.005859,4168,0.007654
C++,selectionsort,50000,18.135132,9.718933,0.012939,3712,0.737048
C++,selectionsort,50000,18.309875,9.826538,0.023254,4040,0.740615
C++,selectionsort,50000,18.244080,9.880798,0.009460,4168,0.731637
C++,selectionsort,50000,18.214417,9.862732,0.014282,4168,0.730885
C++,selectionsort,50000,18.303345,9.808533,0.002014,4168,0.745392
C#,bubblesort,50000,167.774353,89.725098,0.076660,20088,6.83828
C#,bubblesort,50000,167.249512,89.778809,0.061646,22216,6.79217
C#,bubblesort,50000,166.964294,89.793274,0.053223,22216,6.76863
C#,bubblesort,50000,167.211975,89.978638,0.054565,22216,6.77231
C#,bubblesort,50000,166.808289,89.787537,0.064514,22216,6.75571
C#,cyclesort,50000,244.369019,130.830200,0.099915,19868,9.95118
C#,cyclesort,50000,244.245239,130.856140,0.095764,19868,9.94137
C#,cyclesort,50000,244.727295,131.305298,0.098328,19948,9.94387
C#,cyclesort,50000,244.828735,131.357239,0.079773,21952,9.94931
C#,cyclesort,50000,243.663452,130.469910,0.080078,21952,9.92895
C#,heapsort,50000,1.313721,0.229858,0.009827,22152,0.092745
C#,heapsort,50000,0.730896,0.378052,0.007874,22152,0.029963
C#,heapsort,50000,0.722229,0.377380,0.007202,22152,0.030362
C#,heapsort,50000,0.920593,0.479431,0.006104,22156,0.038275
C#,heapsort,50000,0.970154,0.510132,0.005798,22156,0.03992
C#,insertionsort,50000,37.391296,19.862122,0.029602,19916,1.53571
C#,insertionsort,50000,37.069153,19.898071,0.022156,19916,1.50554
C#,insertionsort,50000,37.775085,20.254700,0.030884,19916,1.53297
C#,insertionsort,50000,37.404175,20.078064,0.024048,19916,1.5168
C#,insertionsort,50000,37.153931,20.021912,0.024292,22012,1.50111
C#,mergesort,50000,1.134888,0.429382,0.010010,26196,0.05998
C#,mergesort,50000,0.878723,0.465637,0.007446,26196,0.035015
C#,mergesort,50000,1.018311,0.528748,0.005920,26248,0.042294
C#,mergesort,50000,0.902649,0.454041,0.005798,26248,0.037728
C#,mergesort,50000,0.720703,0.331482,0.006042,26248,0.032979
C#,oddevensort,50000,115.346375,61.955994,0.058472,22004,4.67727
C#,oddevensort,50000,115.548279,62.173828,0.040894,22032,4.68056
C#,oddevensort,50000,115.336853,62.045898,0.040710,22228,4.67147
C#,oddevensort,50000,115.853943,62.287170,0.056274,22228,4.692
C#,oddevensort,50000,115.090393,61.937561,0.043274,22228,4.66038
C#,quicksort,50000,0.667969,0.321472,0.014709,22020,0.029699
C#,quicksort,50000,0.657959,0.314026,0.007751,22020,0.028716
C#,quicksort,50000,0.662842,0.316650,0.010620,22152,0.028783
C#,quicksort,50000,0.782776,0.401123,0.008972,22152,0.031417
C#,quicksort,50000,0.888916,0.400452,0.005371,22152,0.041061
C#,selectionsort,50000,42.705444,22.868042,0.024231,19972,1.73729
C#,selectionsort,50000,42.697021,22.941528,0.029358,20104,1.72952
C#,selectionsort,50000,42.868652,23.153870,0.018433,22172,1.72707
C#,selectionsort,50000,42.628967,22.970459,0.013550,22172,1.72354
C#,selectionsort,50000,42.634949,22.979126,0.024048,22172,1.72123
Go,bubblesort,50000,85.877380,45.931458,0.046997,5484,3.50223
Go,bubblesort,50000,85.298523,45.840881,0.028503,5484,3.46346
Go,bubblesort,50000,85.439880,45.918091,0.032104,5484,3.46238
Go,bubblesort,50000,84.877869,45.404175,0.024536,5484,3.4655
Go,bubblesort,50000,84.876648,45.493591,0.039795,5484,3.4541
Go,cyclesort,50000,138.111023,74.145630,0.053101,3584,5.61119
Go,cyclesort,50000,137.229919,73.219116,0.050537,3584,5.61521
Go,cyclesort,50000,138.273376,73.916870,0.049622,3648,5.64364
Go,cyclesort,50000,137.359741,73.253113,0.037659,3648,5.6253
Go,cyclesort,50000,137.602844,73.137939,0.057251,3648,5.65445
Go,heapsort,50000,0.377930,0.189209,0.008301,3456,0.014738
Go,heapsort,50000,0.292725,0.123718,0.004333,3520,0.013509
Go,heapsort,50000,0.243958,0.086853,0.004700,3520,0.013344
Go,heapsort,50000,0.215759,0.112671,0.004700,3520,0.010801
Go,heapsort,50000,0.247192,0.129395,0.006042,3712,0.009826
Go,insertionsort,50000,9.411072,4.994629,0.013000,3584,0.384319
Go,insertionsort,50000,9.452820,5.042542,0.017883,3584,0.383514
Go,insertionsort,50000,9.554626,5.151733,0.006775,3712,0.386117
Go,insertionsort,50000,9.385498,5.001343,0.007202,3712,0.382371
Go,insertionsort,50000,9.435669,5.088745,0.009888,3712,0.380936
Go,mergesort,50000,0.287659,0.141113,0.010315,7964,0.012214
Go,mergesort,50000,0.254211,0.086914,0.004517,8092,0.013933
Go,mergesort,50000,0.251099,0.087036,0.005554,8092,0.014284
Go,mergesort,50000,0.307861,0.139343,0.005371,8092,0.013947
Go,mergesort,50000,0.349792,0.166138,0.005249,10236,0.01453
Go,oddevensort,50000,52.491638,28.027344,0.034546,3584,2.14411
Go,oddevensort,50000,52.866516,28.424377,0.015686,3584,2.14392
Go,oddevensort,50000,52.878784,28.501526,0.019104,3584,2.13755
Go,oddevensort,50000,52.616028,28.332581,0.016663,3584,2.12899
Go,oddevensort,50000,52.408508,28.174622,0.020569,3584,2.12427
Go,quicksort,50000,0.277161,0.123535,0.008972,3584,0.009992
Go,quicksort,50000,0.233704,0.113586,0.004517,3584,0.010382
Go,quicksort,50000,0.235596,0.106262,0.004578,3584,0.011127
Go,quicksort,50000,0.206665,0.094910,0.004456,3584,0.010849
Go,quicksort,50000,0.271912,0.126587,0.005066,3584,0.011854
Go,selectionsort,50000,36.028870,19.306946,0.025085,5492,1.46374
Go,selectionsort,50000,36.245483,19.460510,0.026062,5492,1.46881
Go,selectionsort,50000,36.156921,19.497559,0.004883,5492,1.46426
Go,selectionsort,50000,36.124939,19.395386,0.016235,5492,1.46617
Go,selectionsort,50000,36.349182,19.537903,0.007629,5492,1.47433
Haskell,bubblesort,50000,0.204651,0.071899,0.008118,9084,0.009796
Haskell,bubblesort,50000,0.162354,0.052185,0.004639,9088,0.008819
Haskell,bubblesort,50000,0.160339,0.051575,0.004578,9216,0.008789
Haskell,bubblesort,50000,0.162415,0.051086,0.004700,9216,0.008784
Haskell,bubblesort,50000,0.162109,0.051086,0.004578,9216,0.008789
Haskell,cyclesort,50000,1063.513123,569.236938,0.358093,14464,42.9719
Haskell,cyclesort,50000,1069.930115,573.623657,0.375916,14528,43.1507
Haskell,cyclesort,50000,1073.585327,575.334961,0.326721,14656,43.2887
Haskell,cyclesort,50000,1054.167664,564.775696,0.350891,14656,42.5397
Haskell,cyclesort,50000,1053.765015,564.125183,0.328674,14656,42.5631
Haskell,heapsort,50000,0.105103,0.051880,0.006042,3712,0.004453
Haskell,heapsort,50000,0.096924,0.047913,0.003052,3712,0.003891
Haskell,heapsort,50000,0.104797,0.055237,0.001465,3712,0.003685
Haskell,heapsort,50000,0.097473,0.034363,0.002625,3712,0.004651
Haskell,heapsort,50000,0.102539,0.038574,0.004150,3712,0.004683
Haskell,insertionsort,50000,0.155823,0.062073,0.004456,9408,0.008413
Haskell,insertionsort,50000,0.171448,0.049622,0.005066,9664,0.010003
Haskell,insertionsort,50000,0.238892,0.067383,0.005310,9664,0.013314
Haskell,insertionsort,50000,0.233093,0.066162,0.005066,9664,0.013931
Haskell,insertionsort,50000,0.232483,0.065979,0.004578,9664,0.014131
Haskell,mergesort,50000,0.904480,0.464661,0.010315,14080,0.037146
Haskell,mergesort,50000,0.601135,0.284180,0.006470,14080,0.02698
Haskell,mergesort,50000,0.617432,0.320190,0.007324,14080,0.02504
Haskell,mergesort,50000,0.620056,0.308411,0.008057,14080,0.025709
Haskell,mergesort,50000,0.585205,0.293396,0.007812,14080,0.025083
Haskell,oddevensort,50000,0.643005,0.283142,0.010498,14592,0.0295
Haskell,oddevensort,50000,0.636414,0.312744,0.007446,14656,0.026691
Haskell,oddevensort,50000,0.890137,0.475586,0.007751,14656,0.035311
Haskell,oddevensort,50000,0.952393,0.495605,0.005859,14656,0.038963
Haskell,oddevensort,50000,0.660889,0.262573,0.006104,14656,0.032423
Haskell,quicksort,50000,0.159729,0.073792,0.007751,7680,0.007299
Haskell,quicksort,50000,0.124084,0.058044,0.001709,7872,0.006385
Haskell,quicksort,50000,0.123535,0.063599,0.003235,7872,0.00679
Haskell,quicksort,50000,0.141724,0.055786,0.004517,7872,0.006643
Haskell,quicksort,50000,0.150574,0.063660,0.004578,7872,0.006947
Haskell,selectionsort,50000,0.089722,0.041260,0.004272,3392,0.00439
Haskell,selectionsort,50000,0.079956,0.037048,0.000732,3520,0.003989
Haskell,selectionsort,50000,0.125183,0.044617,0.005127,3712,0.006059
Haskell,selectionsort,50000,0.115173,0.040649,0.008118,3712,0.006583
Haskell,selectionsort,50000,0.111694,0.033142,0.005676,3712,0.00569
Python,bubblesort,50000,2397.139954,1291.530884,0.680786,51500,96.8327
Python,bubblesort,50000,2435.653198,1313.264709,0.768433,51536,98.3461
Python,bubblesort,50000,2447.050232,1320.405762,0.787537,51536,98.7015
Python,bubblesort,50000,2409.437378,1298.266296,0.754883,51536,97.3097
Python,bubblesort,50000,2403.880066,1295.440735,0.792908,51540,97.0168
Python,cyclesort,50000,3752.509521,2021.949951,1.195618,51540,151.522
Python,cyclesort,50000,3660.076721,1972.235657,1.155579,51576,147.878
Python,cyclesort,50000,3636.990601,1961.578552,1.084229,51576,146.865
Python,cyclesort,50000,3644.578247,1964.734802,1.124695,51576,147.288
Python,cyclesort,50000,3615.489197,1947.969360,1.101196,51576,146.036
Python,heapsort,50000,6.538513,3.461426,0.013611,51452,0.266913
Python,heapsort,50000,6.135559,3.249939,0.014954,51584,0.250137
Python,heapsort,50000,6.098389,3.272339,0.009155,51588,0.244596
Python,heapsort,50000,6.082397,3.271423,0.006042,51588,0.24505
Python,heapsort,50000,6.053284,3.248718,0.010193,51588,0.244437
Python,insertionsort,50000,1052.877686,567.300842,0.341980,51520,42.5292
Python,insertionsort,50000,1038.624268,560.011719,0.358765,51556,41.9401
Python,insertionsort,50000,1050.199768,566.389038,0.349243,51636,42.4051
Python,insertionsort,50000,1067.518494,576.408508,0.329529,51636,43.082
Python,insertionsort,50000,1042.635071,561.809448,0.333130,51636,42.1196
Python,mergesort,50000,5.726990,2.853271,0.013489,51516,0.24876
Python,mergesort,50000,5.106506,2.753723,0.006165,51516,0.203393
Python,mergesort,50000,5.045105,2.699097,0.010437,51516,0.204187
Python,mergesort,50000,5.290833,2.807678,0.012085,51556,0.214845
Python,mergesort,50000,5.365662,2.886230,0.009399,51556,0.214977
Python,oddevensort,50000,2502.499939,1347.500000,0.823120,51556,101.079
Python,oddevensort,50000,2515.451599,1356.591187,0.784973,51556,101.52
Python,oddevensort,50000,2522.417786,1360.138367,0.768433,51556,101.805
Python,oddevensort,50000,2615.307556,1409.347168,0.817627,51556,105.586
Python,oddevensort,50000,2520.815063,1359.695679,0.801514,51556,101.733
Python,quicksort,50000,0.961487,0.339661,0.015381,9432,0.053151
Python,quicksort,50000,0.695496,0.340149,0.010803,9432,0.030306
Python,quicksort,50000,0.715637,0.348816,0.011780,9432,0.031321
Python,quicksort,50000,0.712280,0.367126,0.010010,9432,0.02853
Python,quicksort,50000,0.587158,0.176697,0.010681,9432,0.033702
Python,selectionsort,50000,1118.707581,602.961060,0.377441,51556,45.1914
Python,selectionsort,50000,1111.798523,599.797546,0.319214,51632,44.87
Python,selectionsort,50000,1139.535034,613.139709,0.396179,51632,46.0644
Python,selectionsort,50000,1111.036743,598.808350,0.340820,51632,44.8564
Python,selectionsort,50000,1126.113586,606.709534,0.375977,51632,45.4637
Rust,bubblesort,50000,95.726501,51.104370,0.042542,3452,3.91502
Rust,bubblesort,50000,96.354858,51.776184,0.041016,3456,3.91239
Rust,bubblesort,50000,96.134277,51.467896,0.035828,3584,3.91739
Rust,bubblesort,50000,95.848694,51.459534,0.028442,3584,3.89598
Rust,bubblesort,50000,95.684631,51.127808,0.035278,3584,3.90983
Rust,cyclesort,50000,22.958496,12.277466,0.022156,3584,0.933624
Rust,cyclesort,50000,23.168213,12.415771,0.031982,3584,0.938523
Rust,cyclesort,50000,22.753906,12.278442,0.008606,3712,0.918862
Rust,cyclesort,50000,23.023315,12.438782,0.013000,3712,0.926714
Rust,cyclesort,50000,22.685242,12.229553,0.006042,3712,0.917712
Rust,heapsort,50000,0.255371,0.136902,0.010437,3584,0.01046
Rust,heapsort,50000,0.293335,0.125610,0.004395,3584,0.014192
Rust,heapsort,50000,0.280945,0.159729,0.004700,3584,0.011717
Rust,heapsort,50000,0.296021,0.153625,0.004883,3712,0.012038
Rust,heapsort,50000,0.327759,0.170044,0.005676,3712,0.013417
Rust,insertionsort,50000,10.330750,5.533875,0.009460,3648,0.419839
Rust,insertionsort,50000,10.759094,5.787781,0.011658,3648,0.435304
Rust,insertionsort,50000,10.744019,5.768005,0.014771,3648,0.434795
Rust,insertionsort,50000,10.621643,5.703796,0.007324,3712,0.430613
Rust,insertionsort,50000,10.733582,5.775024,0.009216,3712,0.43391
Rust,mergesort,50000,0.275513,0.128662,0.009155,3456,0.010532
Rust,mergesort,50000,0.247681,0.121094,0.007202,3456,0.009842
Rust,mergesort,50000,0.241760,0.115112,0.006958,3584,0.009636
Rust,mergesort,50000,0.248901,0.121704,0.006042,3584,0.00942
Rust,mergesort,50000,0.254089,0.120422,0.004822,3712,0.010933
Rust,oddevensort,50000,67.740173,36.398621,0.035339,3520,2.74701
Rust,oddevensort,50000,67.966125,36.733887,0.036621,3648,2.73861
Rust,oddevensort,50000,67.388000,36.059631,0.020325,3648,2.74648
Rust,oddevensort,50000,67.448975,36.156128,0.023499,3648,2.74598
Rust,oddevensort,50000,67.713074,36.229553,0.032898,3648,2.759
Rust,quicksort,50000,0.270508,0.123047,0.000000,3648,0.01157
Rust,quicksort,50000,0.242615,0.123474,0.005005,3648,0.01019
Rust,quicksort,50000,0.227295,0.126099,0.004456,3648,0.009513
Rust,quicksort,50000,0.235718,0.131104,0.004822,3648,0.009321
Rust,quicksort,50000,0.179993,0.057800,0.004333,3648,0.010289
Rust,selectionsort,50000,26.470032,14.022461,0.023743,3584,1.08982
Rust,selectionsort,50000,26.639648,14.318420,0.007507,3712,1.0823
Rust,selectionsort,50000,26.819031,14.349854,0.011719,3712,1.09295
Rust,selectionsort,50000,26.943237,14.475342,0.022034,3712,1.09228
Rust,selectionsort,50000,27.364807,14.853577,0.006775,3712,1.09788
Swift,bubblesort,50000,136.307983,73.227112,0.059387,11000,5.5326
Swift,bubblesort,50000,135.004272,72.655273,0.060242,11000,5.4637
Swift,bubblesort,50000,136.050293,73.336853,0.050476,11076,5.50015
Swift,bubblesort,50000,135.747314,73.265930,0.038574,11076,5.48153
Swift,bubblesort,50000,136.239441,73.325562,0.049683,11076,5.51543
Swift,cyclesort,50000,165.744995,88.913086,0.076538,11020,6.73272
Swift,cyclesort,50000,165.026428,88.653625,0.042542,11020,6.70035
Swift,cyclesort,50000,165.730164,89.046448,0.053406,11040,6.72315
Swift,cyclesort,50000,165.600708,88.799194,0.057373,11040,6.73643
Swift,cyclesort,50000,165.640320,88.855408,0.068848,11040,6.73338
Swift,heapsort,50000,0.372192,0.192749,0.000000,11316,0.016404
Swift,heapsort,50000,0.307861,0.146667,0.005554,11316,0.014516
Swift,heapsort,50000,0.348389,0.177429,0.006226,11316,0.013587
Swift,heapsort,50000,0.324829,0.173645,0.006042,11316,0.013392
Swift,heapsort,50000,0.322876,0.173035,0.006287,11316,0.013818
Swift,insertionsort,50000,47.654541,25.641907,0.033142,11008,1.92652
Swift,insertionsort,50000,47.593140,25.722229,0.014709,11008,1.91815
Swift,insertionsort,50000,47.452759,25.585815,0.017273,11008,1.91663
Swift,insertionsort,50000,47.328125,25.670227,0.008301,11008,1.90098
Swift,insertionsort,50000,47.694763,25.869751,0.027771,11016,1.91318
Swift,mergesort,50000,0.647278,0.306030,0.009094,11788,0.029156
Swift,mergesort,50000,0.751160,0.402222,0.006042,11788,0.029949
Swift,mergesort,50000,0.857361,0.449829,0.005920,11788,0.035196
Swift,mergesort,50000,0.882263,0.444092,0.008484,11812,0.036311
Swift,mergesort,50000,0.697632,0.320984,0.011475,11844,0.03239
Swift,oddevensort,50000,0.154846,0.080261,0.008606,10160,0.006647
Swift,oddevensort,50000,0.109741,0.059265,0.000854,10196,0.004937
Swift,oddevensort,50000,0.152161,0.062317,0.006531,10196,0.005232
Swift,oddevensort,50000,0.146057,0.069885,0.004272,10196,0.005868
Swift,oddevensort,50000,0.120056,0.048157,0.001648,10196,0.005866
Swift,quicksort,50000,0.848389,0.350769,0.005371,12528,0.042981
Swift,quicksort,50000,0.910278,0.489319,0.007690,12536,0.036101
Swift,quicksort,50000,1.165222,0.604797,0.005798,12536,0.047498
Swift,quicksort,50000,1.079956,0.523560,0.005371,12568,0.048237
Swift,quicksort,50000,0.878723,0.475647,0.008118,12568,0.035208
Swift,selectionsort,50000,28.083557,15.090393,0.032410,11020,1.13508
Swift,selectionsort,50000,27.951599,15.049622,0.010864,11020,1.13084
Swift,selectionsort,50000,27.772522,14.950684,0.008240,11032,1.12378
Swift,selectionsort,50000,27.519897,14.828491,0.020386,11032,1.11094
Swift,selectionsort,50000,27.554932,14.825500,0.010620,11032,1.11541
C,bubblesort,100000,564.469849,298.662109,0.213196,3520,23.3049
C,bubblesort,100000,562.960327,297.507996,0.209351,3584,23.2752
C,bubblesort,100000,563.743591,298.097412,0.220032,3584,23.2808
C,bubblesort,100000,561.033264,295.775940,0.185425,3584,23.2662
C,bubblesort,100000,567.105957,300.978943,0.191833,3648,23.3381
C,cyclesort,100000,550.601074,289.946289,0.193848,3584,22.8596
C,cyclesort,100000,553.666321,292.845032,0.194702,3584,22.8736
C,cyclesort,100000,553.629456,292.811157,0.184143,3712,22.8842
C,cyclesort,100000,553.111267,292.339355,0.192200,3712,22.8726
C,cyclesort,100000,552.818298,292.168091,0.190002,3712,22.8695
C,heapsort,100000,0.316284,0.183228,0.000000,3648,0.013464
C,heapsort,100000,0.273987,0.111206,0.005920,3648,0.014672
C,heapsort,100000,0.250977,0.086426,0.004944,3648,0.014304
C,heapsort,100000,0.254761,0.099915,0.005737,3648,0.012803
C,heapsort,100000,0.270081,0.134460,0.005676,3648,0.010733
C,insertionsort,100000,23.694702,12.779480,0.014771,3456,0.957233
C,insertionsort,100000,23.559631,12.664246,0.008118,3648,0.955855
C,insertionsort,100000,23.830261,12.819031,0.018250,3712,0.965384
C,insertionsort,100000,23.677185,12.685852,0.009583,3712,0.964015
C,insertionsort,100000,23.614136,12.749451,0.014038,3712,0.953059
C,mergesort,100000,0.425354,0.203613,0.009399,3584,0.017796
C,mergesort,100000,0.428162,0.219788,0.005493,3584,0.016909
C,mergesort,100000,0.379211,0.191284,0.005554,3584,0.016176
C,mergesort,100000,0.404785,0.206970,0.005554,3584,0.01511
C,mergesort,100000,0.329712,0.139709,0.005615,3584,0.016082
C,oddevensort,100000,222.984802,119.868896,0.096130,3392,9.04264
C,oddevensort,100000,223.611877,120.189026,0.075073,3520,9.07421
C,oddevensort,100000,224.120667,120.489746,0.075623,3520,9.09133
C,oddevensort,100000,222.833313,119.634766,0.070190,3584,9.05125
C,oddevensort,100000,222.596375,119.454529,0.080322,3712,9.04309
C,quicksort,100000,0.295105,0.156128,0.000000,3392,0.012077
C,quicksort,100000,0.239685,0.092285,0.004822,3520,0.011188
C,quicksort,100000,0.238098,0.091431,0.004639,3520,0.011491
C,quicksort,100000,0.220764,0.093628,0.004639,3520,0.011319
C,quicksort,100000,0.235779,0.088135,0.004761,3520,0.011369
C,selectionsort,100000,72.685974,38.989685,0.043396,3456,2.95258
C,selectionsort,100000,72.873840,39.578979,0.026428,3456,2.92144
C,selectionsort,100000,72.395386,38.913696,0.019836,3712,2.93566
C,selectionsort,100000,72.927551,39.178894,0.022705,3712,2.96368
C,selectionsort,100000,72.567200,38.950439,0.019470,3712,2.94865
C++,bubblesort,100000,570.413574,300.677368,0.219421,4224,23.647
C++,bubblesort,100000,570.808838,302.377197,0.194397,4224,23.5464
C++,bubblesort,100000,569.789185,301.767822,0.193665,4424,23.509
C++,bubblesort,100000,569.551575,301.545532,0.171387,4424,23.5114
C++,bubblesort,100000,571.478699,302.803650,0.212646,4424,23.5666
C++,cyclesort,100000,588.085388,308.738770,0.205017,4240,24.5041
C++,cyclesort,100000,590.505920,311.049377,0.207336,4456,24.5037
C++,cyclesort,100000,589.739746,309.474854,0.216553,4460,24.5847
C++,cyclesort,100000,592.682251,312.086609,0.218994,4460,24.605
C++,cyclesort,100000,590.353516,309.895935,0.197632,4460,24.6008
C++,heapsort,100000,0.409607,0.208984,0.010071,4368,0.015743
C++,heapsort,100000,0.466248,0.238342,0.005798,4368,0.018946
C++,heapsort,100000,0.340271,0.181641,0.005310,4424,0.014743
C++,heapsort,100000,0.347717,0.181885,0.007385,4424,0.014318
C++,heapsort,100000,0.323120,0.159302,0.013977,4512,0.012986
C++,insertionsort,100000,27.501465,14.723267,0.020203,4448,1.11739
C++,insertionsort,100000,28.053406,15.124695,0.006958,4456,1.13528
C++,insertionsort,100000,27.873291,15.056458,0.009338,4456,1.12395
C++,insertionsort,100000,27.518372,14.793518,0.008179,4456,1.1155
C++,insertionsort,100000,27.335754,14.661011,0.005859,4456,1.11289
C++,mergesort,100000,0.549194,0.282410,0.000000,4808,0.022675
C++,mergesort,100000,0.473633,0.228760,0.006287,4808,0.021446
C++,mergesort,100000,0.416321,0.198547,0.007751,4808,0.017718
C++,mergesort,100000,0.416626,0.200989,0.007141,4808,0.017895
C++,mergesort,100000,0.427185,0.232666,0.007812,4808,0.017157
C++,oddevensort,100000,225.516541,121.065857,0.090149,4296,9.15554
C++,oddevensort,100000,224.584961,120.529419,0.074036,4296,9.12901
C++,oddevensort,100000,224.216858,120.451355,0.081055,4296,9.097
C++,oddevensort,100000,225.669312,121.682068,0.075439,4296,9.12312
C++,oddevensort,100000,224.992676,120.767883,0.077759,4296,9.14486
C++,quicksort,100000,0.317688,0.161499,0.000000,4368,0.014367
C++,quicksort,100000,0.334351,0.150391,0.005920,4456,0.014548
C++,quicksort,100000,0.249512,0.094360,0.005493,4456,0.012817
C++,quicksort,100000,0.249329,0.091858,0.004944,4456,0.01275
C++,quicksort,100000,0.249084,0.093384,0.005127,4456,0.01269
C++,selectionsort,100000,72.709961,39.060730,0.038452,4296,2.95096
C++,selectionsort,100000,72.838623,39.153076,0.024048,4296,2.95468
C++,selectionsort,100000,72.876343,39.239685,0.023682,4296,2.95098
C++,selectionsort,100000,73.145386,39.285156,0.033081,4296,2.96784
C++,selectionsort,100000,72.764771,39.022766,0.030151,4448,2.95588
C#,bubblesort,100000,670.762634,361.367859,0.237427,22344,27.1397
C#,bubblesort,100000,670.566162,361.345642,0.220337,22344,27.1126
C#,bubblesort,100000,672.570496,362.141663,0.241882,22344,27.2314
C#,bubblesort,100000,668.050110,358.734192,0.227478,22344,27.1334
C#,bubblesort,100000,672.284485,362.035339,0.230103,22344,27.2078
C#,cyclesort,100000,966.771851,517.433167,0.291992,22140,39.4323
C#,cyclesort,100000,968.824158,518.478088,0.313599,22140,39.497
C#,cyclesort,100000,970.123962,519.831055,0.322205,22140,39.4806
C#,cyclesort,100000,972.672668,520.907471,0.335999,22140,39.6012
C#,cyclesort,100000,971.603149,520.612488,0.318054,22140,39.5389
C#,heapsort,100000,1.381775,0.671631,0.011292,22136,0.059971
C#,heapsort,100000,1.122681,0.541870,0.005493,22212,0.049722
C#,heapsort,100000,0.993408,0.503723,0.010803,22212,0.042122
C#,heapsort,100000,0.979736,0.416748,0.012085,22212,0.049556
C#,heapsort,100000,0.989746,0.494751,0.006409,22264,0.041671
C#,insertionsort,100000,148.318298,79.947693,0.070374,20300,5.9856
C#,insertionsort,100000,149.140381,80.368591,0.062073,20300,6.02754
C#,insertionsort,100000,147.252136,79.368835,0.045105,22216,5.95162
C#,insertionsort,100000,147.262329,79.363281,0.068359,22216,5.94951
C#,insertionsort,100000,147.894836,79.519165,0.067444,22216,5.98728
C#,mergesort,100000,0.991760,0.539551,0.000000,25156,0.040052
C#,mergesort,100000,0.987732,0.422729,0.012268,26464,0.047934
C#,mergesort,100000,1.204895,0.629578,0.006592,26464,0.048758
C#,mergesort,100000,1.291138,0.671021,0.005859,26464,0.052423
C#,mergesort,100000,1.068726,0.417542,0.006042,26464,0.05404
C#,oddevensort,100000,463.949463,249.743103,0.164734,16264,18.7838
C#,oddevensort,100000,466.777100,250.992981,0.162292,22152,18.9307
C#,oddevensort,100000,460.785889,248.397095,0.137634,22152,18.6396
C#,oddevensort,100000,461.504761,248.865234,0.171814,22152,18.6471
C#,oddevensort,100000,463.355835,249.523560,0.162659,22152,18.7384
C#,quicksort,100000,0.982544,0.442627,0.000000,18144,0.04688
C#,quicksort,100000,0.803101,0.295166,0.005371,22468,0.044282
C#,quicksort,100000,0.807922,0.386902,0.007446,22468,0.036106
C#,quicksort,100000,0.819824,0.410034,0.007751,22468,0.035055
C#,quicksort,100000,0.976440,0.476562,0.007874,22468,0.041247
C#,selectionsort,100000,169.371948,91.057861,0.074524,24276,6.86413
C#,selectionsort,100000,168.669983,90.853638,0.046265,24276,6.82898
C#,selectionsort,100000,168.716187,90.810364,0.057739,24276,6.83379
C#,selectionsort,100000,169.036255,90.982727,0.062378,24276,6.84535
C#,selectionsort,100000,169.137329,91.147827,0.060791,24276,6.84158
Go,bubblesort,100000,356.324951,190.996643,0.129150,9864,14.4961
Go,bubblesort,100000,356.267090,191.493835,0.120056,9864,14.4564
Go,bubblesort,100000,353.679138,189.629700,0.105530,9864,14.3959
Go,bubblesort,100000,356.351990,191.202271,0.125916,9864,14.481
Go,bubblesort,100000,354.028503,189.825378,0.121277,9864,14.4017
Go,cyclesort,100000,546.996338,292.522827,0.212158,11884,22.3037
Go,cyclesort,100000,547.072632,292.673828,0.186340,11884,22.305
Go,cyclesort,100000,545.426270,291.258240,0.160706,11884,22.2962
Go,cyclesort,100000,546.300537,291.692078,0.180298,11884,22.3298
Go,cyclesort,100000,548.023743,293.135010,0.174194,11884,22.3666
Go,heapsort,100000,0.484070,0.259460,0.000000,5868,0.020014
Go,heapsort,100000,0.453308,0.170593,0.005554,5868,0.022946
Go,heapsort,100000,0.362305,0.157776,0.006042,5868,0.018541
Go,heapsort,100000,0.400635,0.215027,0.006592,5868,0.016125
Go,heapsort,100000,0.421570,0.207703,0.006592,5868,0.016137
Go,insertionsort,100000,38.100525,20.431946,0.032349,5868,1.54633
Go,insertionsort,100000,38.607544,20.871460,0.011108,5868,1.55623
Go,insertionsort,100000,38.746277,20.841919,0.024963,5868,1.56795
Go,insertionsort,100000,38.590454,20.871338,0.008911,5868,1.5549
Go,insertionsort,100000,38.576721,20.687927,0.015320,5868,1.56623
Go,mergesort,100000,0.435669,0.217957,0.011169,8472,0.017929
Go,mergesort,100000,0.427307,0.195496,0.005493,10384,0.018419
Go,mergesort,100000,0.421570,0.189453,0.005371,10708,0.01832
Go,mergesort,100000,0.421021,0.212341,0.005615,10708,0.01824
Go,mergesort,100000,0.395813,0.188477,0.005371,10708,0.018333
Go,oddevensort,100000,0.106201,0.043518,0.004272,5868,0.00489
Go,oddevensort,100000,0.100891,0.037842,0.004395,5868,0.005176
Go,oddevensort,100000,0.109375,0.035583,0.002686,5868,0.00569
Go,oddevensort,100000,0.103149,0.031067,0.001099,5868,0.005657
Go,oddevensort,100000,0.097290,0.028015,0.004028,5868,0.006771
Go,quicksort,100000,0.368408,0.138611,0.009033,5868,0.018899
Go,quicksort,100000,0.356140,0.132019,0.005615,5872,0.018947
Go,quicksort,100000,0.387146,0.186768,0.004700,5872,0.016657
Go,quicksort,100000,0.355530,0.189331,0.005798,5872,0.014066
Go,quicksort,100000,0.341309,0.180054,0.005737,5872,0.014362
Go,selectionsort,100000,144.310547,77.574097,0.076111,5868,5.85138
Go,selectionsort,100000,144.028564,77.352844,0.051147,5868,5.85044
Go,selectionsort,100000,144.466003,77.327576,0.068176,5868,5.88746
Go,selectionsort,100000,144.360352,77.348328,0.045105,5868,5.87747
Go,selectionsort,100000,144.604370,77.731689,0.051636,5868,5.86312
Haskell,bubblesort,100000,0.289062,0.103149,0.007996,16316,0.014917
Haskell,bubblesort,100000,0.255615,0.089844,0.004395,16512,0.014049
Haskell,bubblesort,100000,0.258362,0.092957,0.005737,16512,0.014133
Haskell,bubblesort,100000,0.258362,0.090759,0.004456,16512,0.01401
Haskell,bubblesort,100000,0.257019,0.091187,0.005676,16512,0.014237
Haskell,cyclesort,100000,5037.480164,2688.242920,1.574890,20544,203.424
Haskell,cyclesort,100000,5037.535522,2688.388733,1.609009,20604,203.296
Haskell,cyclesort,100000,5000.787964,2668.698181,1.634521,20604,201.855
Haskell,cyclesort,100000,5035.578430,2686.628723,1.588135,20672,203.335
Haskell,cyclesort,100000,5139.674622,2738.279053,1.658936,20672,207.502
Haskell,heapsort,100000,0.099854,0.044983,0.000000,3548,0.003375
Haskell,heapsort,100000,0.103516,0.052368,0.004822,3584,0.00405
Haskell,heapsort,100000,0.098328,0.046753,0.004639,3584,0.004181
Haskell,heapsort,100000,0.121460,0.052734,0.004333,3584,0.004337
Haskell,heapsort,100000,0.095947,0.046814,0.003906,3584,0.004257
Haskell,insertionsort,100000,0.276611,0.122131,0.004883,16896,0.01281
Haskell,insertionsort,100000,0.276428,0.118835,0.004578,17088,0.012889
Haskell,insertionsort,100000,0.337830,0.161255,0.005127,17088,0.013532
Haskell,insertionsort,100000,0.368652,0.188477,0.004272,17088,0.014755
Haskell,insertionsort,100000,0.392883,0.185913,0.005981,17088,0.016844
Haskell,mergesort,100000,1.508240,0.769165,0.009033,21696,0.061586
Haskell,mergesort,100000,1.164185,0.592285,0.006042,21696,0.050757
Haskell,mergesort,100000,1.241394,0.611206,0.006042,21696,0.053668
Haskell,mergesort,100000,1.490051,0.750122,0.009094,21696,0.06154
Haskell,mergesort,100000,1.626160,0.813782,0.012268,21696,0.067604
Haskell,oddevensort,100000,1.278015,0.657349,0.011719,20928,0.051629
Haskell,oddevensort,100000,1.208923,0.591003,0.007629,20928,0.051206
Haskell,oddevensort,100000,1.467102,0.764832,0.007690,20992,0.058536
Haskell,oddevensort,100000,1.742249,0.900024,0.006104,20992,0.072452
Haskell,oddevensort,100000,1.217896,0.641724,0.008057,20992,0.050373
Haskell,quicksort,100000,0.275574,0.132141,0.010071,13376,0.01135
Haskell,quicksort,100000,0.220459,0.097961,0.005188,13376,0.011632
Haskell,quicksort,100000,0.226624,0.097046,0.004089,13440,0.011485
Haskell,quicksort,100000,0.245361,0.099915,0.005310,13440,0.011617
Haskell,quicksort,100000,0.217224,0.092957,0.004272,13440,0.011764
Haskell,selectionsort,100000,0.107971,0.039673,0.004272,3520,0.00434
Haskell,selectionsort,100000,0.089050,0.039368,0.002075,3584,0.003986
Haskell,selectionsort,100000,0.078979,0.031616,0.002808,3584,0.004326
Haskell,selectionsort,100000,0.117920,0.059753,0.003967,3712,0.004789
Haskell,selectionsort,100000,0.121094,0.054688,0.000977,3712,0.004536
Python,bubblesort,100000,9838.047546,5295.010803,3.081177,93700,397.254
Python,bubblesort,100000,10010.267456,5391.643616,3.124023,93700,404.137
Python,bubblesort,100000,9813.916809,5280.254456,2.933350,93700,396.226
Python,bubblesort,100000,9956.260376,5356.576843,3.042603,93700,401.957
Python,cyclesort,100000,15726.282959,8449.452637,4.984985,93740,635.825
Python,cyclesort,100000,15819.880005,8495.156677,4.997131,93744,639.518
Python,cyclesort,100000,15889.856628,8531.915955,4.857910,93744,642.109
Python,cyclesort,100000,15777.533203,8474.545410,5.032837,93744,637.775
Python,heapsort,100000,13.212402,7.114624,0.009583,93708,0.53215
Python,heapsort,100000,12.781311,6.804138,0.023376,93748,0.516506
Python,heapsort,100000,12.285278,6.580688,0.002136,93748,0.497614
Python,heapsort,100000,12.725281,6.767334,0.027222,93748,0.515728
Python,heapsort,100000,12.506226,6.724792,0.000000,93752,0.50478
Python,insertionsort,100000,4246.040894,2284.726868,1.384888,93692,171.551
Python,insertionsort,100000,4293.677612,2312.467468,1.338867,93692,173.354
Python,insertionsort,100000,4258.098328,2291.953430,1.290222,93692,172.007
Python,insertionsort,100000,4291.927124,2311.716003,1.370911,93692,173.403
Python,insertionsort,100000,4307.868286,2320.853149,1.347412,93708,174.055
Python,mergesort,100000,11.133118,5.849426,0.002563,93676,0.460434
Python,mergesort,100000,10.612000,5.652405,0.015137,93720,0.429778
Python,mergesort,100000,10.533997,5.645630,0.017578,93720,0.42558
Python,mergesort,100000,10.116699,5.424255,0.009827,93720,0.409292
Python,mergesort,100000,10.652588,5.724792,0.017090,93720,0.426889
Python,oddevensort,100000,11151.308472,5987.172668,3.472595,93672,450.481
Python,oddevensort,100000,10817.977722,5813.385925,3.369934,93672,436.811
Python,oddevensort,100000,11080.516602,5953.140137,3.407043,93672,447.691
Python,oddevensort,100000,10905.257996,5854.723816,3.343079,93712,440.518
Python,oddevensort,100000,11223.924988,6025.365906,3.452942,93712,453.473
Python,quicksort,100000,8.820679,4.618469,0.012329,93708,0.364037
Python,quicksort,100000,8.336670,4.450867,0.020020,93708,0.336053
Python,quicksort,100000,8.017212,4.291626,0.007324,93708,0.322657
Python,quicksort,100000,8.572327,4.621338,0.002075,93708,0.343631
Python,quicksort,100000,8.202454,4.371643,0.024048,93708,0.328394
Python,selectionsort,100000,4716.676880,2534.367065,1.461304,93668,190.426
Python,selectionsort,100000,4740.596375,2545.676697,1.429382,93708,191.529
Python,selectionsort,100000,4827.361206,2593.459778,1.464172,93708,194.989
Python,selectionsort,100000,4779.330078,2570.163879,1.501892,93708,192.949
Python,selectionsort,100000,4774.281860,2566.044739,1.430420,93708,192.784
Rust,bubblesort,100000,396.103333,212.493530,0.153259,3392,16.0868
Rust,bubblesort,100000,395.838257,212.430481,0.131226,3648,16.0863
Rust,bubblesort,100000,395.305481,212.008545,0.127380,3648,16.0805
Rust,bubblesort,100000,393.844299,210.785950,0.123230,3648,16.0551
Rust,bubblesort,100000,395.857788,212.418396,0.136780,3648,16.0792
Rust,cyclesort,100000,94.901245,51.168640,0.034485,3452,3.83182
Rust,cyclesort,100000,94.694580,51.162048,0.025085,3584,3.82024
Rust,cyclesort,100000,94.705811,51.169128,0.026001,3584,3.8201
Rust,cyclesort,100000,94.079712,50.642029,0.033691,3648,3.80821
Rust,cyclesort,100000,94.425354,50.846619,0.026428,3648,3.82061
Rust,heapsort,100000,0.396423,0.211853,0.000000,3452,0.015704
Rust,heapsort,100000,0.533752,0.283875,0.005554,3456,0.021
Rust,heapsort,100000,0.558472,0.267334,0.005859,3584,0.02507
Rust,heapsort,100000,0.545044,0.269714,0.005859,3584,0.022675
Rust,heapsort,100000,0.530701,0.264709,0.005920,3584,0.021299
Rust,insertionsort,100000,48.062744,25.761780,0.035217,3584,1.95025
Rust,insertionsort,100000,48.174561,25.858032,0.028992,3584,1.95526
Rust,insertionsort,100000,48.322571,25.962097,0.024597,3584,1.96073
Rust,insertionsort,100000,48.232056,25.929138,0.013000,3584,1.95553
Rust,insertionsort,100000,48.083923,25.820679,0.013977,3584,1.95188
Rust,mergesort,100000,0.529358,0.287109,0.000000,3728,0.020741
Rust,mergesort,100000,0.500305,0.251404,0.006042,3728,0.021128
Rust,mergesort,100000,0.502869,0.251526,0.005615,3728,0.020921
Rust,mergesort,100000,0.380310,0.129578,0.005737,3804,0.02052
Rust,mergesort,100000,0.376343,0.126343,0.005798,3804,0.020595
Rust,oddevensort,100000,294.348572,158.396912,0.116211,3712,11.9174
Rust,oddevensort,100000,293.090210,157.896118,0.084595,3712,11.8525
Rust,oddevensort,100000,294.391113,158.611023,0.104309,3712,11.9075
Rust,oddevensort,100000,292.525452,157.061951,0.100586,3712,11.8785
Rust,oddevensort,100000,293.510925,157.892822,0.093384,3712,11.8987
Rust,quicksort,100000,0.247070,0.145142,0.000000,3584,0.010665
Rust,quicksort,100000,0.273193,0.115356,0.005615,3584,0.013215
Rust,quicksort,100000,0.260437,0.108704,0.005432,3712,0.013572
Rust,quicksort,100000,0.261963,0.096802,0.005188,3712,0.014053
Rust,quicksort,100000,0.251892,0.086914,0.005737,3712,0.014603
Rust,selectionsort,100000,111.026917,59.780701,0.055054,3584,4.49062
Rust,selectionsort,100000,110.602844,59.574341,0.050903,3584,4.47106
Rust,selectionsort,100000,111.130066,59.866150,0.038940,3712,4.49235
Rust,selectionsort,100000,111.588257,60.226685,0.035400,3712,4.50436
Rust,selectionsort,100000,111.154724,59.958191,0.033325,3712,4.48746
Swift,bubblesort,100000,550.408752,296.839600,0.197998,11628,22.2303
Swift,bubblesort,100000,549.832214,295.981323,0.152466,11780,22.2746
Swift,bubblesort,100000,548.856384,295.803101,0.171387,11780,22.1859
Swift,bubblesort,100000,551.141296,297.245789,0.169556,11788,22.2717
Swift,bubblesort,100000,549.870789,296.117737,0.178589,11788,22.2576
Swift,cyclesort,100000,659.202393,353.687500,0.221741,11588,26.7877
Swift,cyclesort,100000,659.662903,354.633423,0.214844,11588,26.7519
Swift,cyclesort,100000,659.012390,354.038513,0.201782,11620,26.76
Swift,cyclesort,100000,660.446472,354.756287,0.203796,11668,26.809
Swift,cyclesort,100000,660.913208,355.685242,0.205505,11668,26.7697
Swift,heapsort,100000,0.626038,0.323120,0.000000,12580,0.027685
Swift,heapsort,100000,0.701416,0.346985,0.005310,12592,0.031826
Swift,heapsort,100000,0.627380,0.337341,0.005981,12592,0.025123
Swift,heapsort,100000,0.576355,0.307434,0.005981,12592,0.023156
Swift,heapsort,100000,0.559692,0.292725,0.006104,12752,0.023186
Swift,insertionsort,100000,188.585022,101.439819,0.078186,11776,7.64246
Swift,insertionsort,100000,188.413696,101.419922,0.066223,11800,7.6286
Swift,insertionsort,100000,188.959656,101.940369,0.058411,11800,7.63458
Swift,insertionsort,100000,192.833923,104.123291,0.052185,11800,7.78324
Swift,insertionsort,100000,188.564514,101.653503,0.058960,11800,7.61909
Swift,mergesort,100000,1.661621,0.885376,0.000000,13084,0.067858
Swift,mergesort,100000,1.149841,0.545105,0.005554,13352,0.05335
Swift,mergesort,100000,1.221985,0.643494,0.006653,13352,0.048172
Swift,mergesort,100000,1.143799,0.579651,0.007141,13352,0.04923
Swift,mergesort,100000,1.527344,0.811584,0.007202,13352,0.060481
Swift,oddevensort,100000,464.740845,250.541199,0.166077,11732,18.7902
Swift,oddevensort,100000,466.967834,251.970947,0.164429,11784,18.8582
Swift,oddevensort,100000,468.961365,252.918640,0.136841,11784,18.9548
Swift,oddevensort,100000,466.687256,251.259338,0.153381,11784,18.8828
Swift,oddevensort,100000,466.213257,251.187622,0.136414,11784,18.8566
Swift,quicksort,100000,1.877625,1.011780,0.000000,17220,0.077874
Swift,quicksort,100000,1.611389,0.847473,0.006836,17220,0.065437
Swift,quicksort,100000,1.622559,0.865967,0.009521,17220,0.064918
Swift,quicksort,100000,2.121582,1.143555,0.007751,17220,0.085733
Swift,quicksort,100000,1.605469,0.857056,0.006226,17220,0.065099
Swift,selectionsort,100000,110.291687,59.191101,0.053284,11568,4.47879
Swift,selectionsort,100000,111.103699,59.808289,0.046875,11808,4.49892
Swift,selectionsort,100000,110.527039,59.640320,0.038635,11808,4.46472
Swift,selectionsort,100000,111.192871,59.848633,0.037964,11808,4.50436
Swift,selectionsort,100000,111.042908,59.850830,0.035828,11808,4.4863
