Language,Algorithm,Size,Package,Core(s),GPU,Time(sec)
C,bubblesort,25000,34.289490,17.807739,0.027832,1.44455
C,bubblesort,25000,33.761108,17.816650,0.017334,1.39696
C,bubblesort,25000,34.017761,17.979065,0.011414,1.40691
C,bubblesort,25000,33.641235,17.743896,0.010925,1.39331
C,bubblesort,25000,34.218262,18.311218,0.012329,1.39507
C,cyclesort,25000,34.829590,18.306641,0.016541,1.44931
C,cyclesort,25000,34.570435,18.272522,0.010864,1.42972
C,cyclesort,25000,34.731018,18.310669,0.014343,1.43996
C,cyclesort,25000,34.693665,18.231445,0.009705,1.44357
C,cyclesort,25000,34.744629,18.202393,0.018494,1.44864
C,heapsort,25000,0.187805,0.092651,0.008362,0.006979
C,heapsort,25000,0.108154,0.038269,0.000549,0.005525
C,heapsort,25000,0.099854,0.043213,0.001038,0.005029
C,heapsort,25000,0.097229,0.041016,0.000000,0.004966
C,heapsort,25000,0.095337,0.039246,0.000000,0.005044
C,insertionsort,25000,1.371948,0.668884,0.009644,0.061285
C,insertionsort,25000,1.403198,0.758606,0.000000,0.057241
C,insertionsort,25000,1.822327,0.956177,0.000000,0.076196
C,insertionsort,25000,1.456299,0.751892,0.000000,0.061709
C,insertionsort,25000,1.462952,0.771240,0.000000,0.060727
C,mergesort,25000,0.123291,0.065430,0.004517,0.005552
C,mergesort,25000,0.121948,0.065063,0.004089,0.005434
C,mergesort,25000,0.110840,0.060486,0.000183,0.005296
C,mergesort,25000,0.109558,0.058533,0.001160,0.005518
C,mergesort,25000,0.114136,0.060181,0.000000,0.005058
C,oddevensort,25000,13.215881,6.999939,0.025146,0.541811
C,oddevensort,25000,12.957397,6.940735,0.000000,0.530573
C,oddevensort,25000,12.962219,7.009033,0.006836,0.520753
C,oddevensort,25000,12.963562,6.967346,0.002502,0.526878
C,oddevensort,25000,12.888428,6.901123,0.002930,0.523177
C,quicksort,25000,0.127991,0.062134,0.005066,0.005052
C,quicksort,25000,0.117615,0.057800,0.003967,0.00527
C,quicksort,25000,0.104553,0.046326,0.000916,0.004842
C,quicksort,25000,0.080811,0.041565,0.000000,0.004789
C,quicksort,25000,0.097717,0.039307,0.000000,0.004769
C,selectionsort,25000,4.715393,2.415771,0.009094,0.201382
C,selectionsort,25000,4.580933,2.462219,0.000000,0.185459
C,selectionsort,25000,4.345947,2.341003,0.014771,0.175787
C,selectionsort,25000,4.311707,2.298218,0.000000,0.176883
C,selectionsort,25000,4.794800,2.597717,0.000000,0.192911
C++,bubblesort,25000,34.600159,18.160278,0.030579,1.43888
C++,bubblesort,25000,34.672546,18.501282,0.013733,1.41659
C++,bubblesort,25000,34.509766,18.243896,0.013489,1.42833
C++,bubblesort,25000,34.324768,18.124695,0.008423,1.42011
C++,bubblesort,25000,34.546692,18.372498,0.009033,1.41842
C++,cyclesort,25000,37.307739,19.624207,0.009949,1.55019
C++,cyclesort,25000,37.592651,19.770081,0.015930,1.56241
C++,cyclesort,25000,36.966187,19.397949,0.011108,1.53971
C++,cyclesort,25000,36.958496,19.346008,0.009216,1.54722
C++,cyclesort,25000,37.187805,19.488953,0.015198,1.55072
C++,heapsort,25000,0.142578,0.076904,0.000000,0.006098
C++,heapsort,25000,0.177673,0.090332,0.000000,0.006586
C++,heapsort,25000,0.114380,0.046265,0.000000,0.005652
C++,heapsort,25000,0.118530,0.047913,0.000000,0.005556
C++,heapsort,25000,0.104431,0.052185,0.000000,0.005588
C++,insertionsort,25000,1.666260,0.844910,0.008972,0.070941
C++,insertionsort,25000,1.697937,0.927246,0.000000,0.068501
C++,insertionsort,25000,2.130676,1.158997,0.000000,0.086454
C++,insertionsort,25000,1.672180,0.906677,0.000000,0.066526
C++,insertionsort,25000,1.621277,0.849854,0.000000,0.068311
C++,mergesort,25000,0.262756,0.135376,0.009277,0.010414
C++,mergesort,25000,0.206909,0.126099,0.000916,0.008556
C++,mergesort,25000,0.188599,0.099182,0.000244,0.008175
C++,mergesort,25000,0.212769,0.108948,0.000000,0.009213
C++,mergesort,25000,0.220520,0.115967,0.000000,0.010284
C++,oddevensort,25000,12.221558,6.492920,0.013977,0.500757
C++,oddevensort,25000,12.319702,6.597229,0.010742,0.499138
C++,oddevensort,25000,12.206116,6.536316,0.000000,0.496398
C++,oddevensort,25000,12.297546,6.585876,0.004639,0.500803
C++,oddevensort,25000,12.150696,6.480042,0.003296,0.497504
C++,quicksort,25000,0.133484,0.061646,0.000000,0.005497
C++,quicksort,25000,0.132446,0.075073,0.000000,0.004786
C++,quicksort,25000,0.122925,0.067932,0.000000,0.004952
C++,quicksort,25000,0.121643,0.064392,0.000000,0.004902
C++,quicksort,25000,0.127075,0.069336,0.000000,0.004871
C++,selectionsort,25000,4.767456,2.509766,0.008911,0.197197
C++,selectionsort,25000,4.464172,2.394958,0.002258,0.180044
C++,selectionsort,25000,4.581665,2.405273,0.014709,0.188729
C++,selectionsort,25000,4.790161,2.561646,0.000000,0.194425
C++,selectionsort,25000,4.749329,2.515747,0.000000,0.197151
C#,bubblesort,25000,46.375366,23.034180,0.017517,2.04847
C#,bubblesort,25000,41.995300,22.455383,0.015564,1.71393
C#,bubblesort,25000,41.920776,22.535706,0.017700,1.70035
C#,bubblesort,25000,41.717407,22.431824,0.012329,1.69152
C#,bubblesort,25000,41.958252,22.629272,0.012878,1.69654
C#,cyclesort,25000,56.918396,30.550354,0.023315,2.31262
C#,cyclesort,25000,56.981995,30.609924,0.020081,2.31313
C#,cyclesort,25000,57.193970,30.746277,0.022095,2.31878
C#,cyclesort,25000,56.867249,30.529480,0.018921,2.30857
C#,cyclesort,25000,57.465820,30.772156,0.022339,2.33994
C#,heapsort,25000,0.592590,0.302063,0.006409,0.026908
C#,heapsort,25000,0.690369,0.373169,0.004700,0.028269
C#,heapsort,25000,0.603638,0.287842,0.000000,0.026753
C#,heapsort,25000,0.778259,0.367126,0.000000,0.03484
C#,heapsort,25000,0.819031,0.405884,0.000000,0.035733
C#,insertionsort,25000,9.444702,4.976868,0.013550,0.390433
C#,insertionsort,25000,9.963379,5.358704,0.002747,0.404293
C#,insertionsort,25000,9.897827,5.294678,0.015869,0.400212
C#,insertionsort,25000,9.346313,5.019287,0.005554,0.378813
C#,insertionsort,25000,9.993469,5.358093,0.003662,0.40582
C#,mergesort,25000,0.969788,0.347839,0.012878,0.051222
C#,mergesort,25000,0.572083,0.248230,0.000000,0.027672
C#,mergesort,25000,0.737366,0.383911,0.002075,0.031555
C#,mergesort,25000,0.778992,0.386108,0.000000,0.033915
C#,mergesort,25000,0.751099,0.373901,0.000000,0.03343
C#,oddevensort,25000,29.671326,15.860779,0.024719,1.20857
C#,oddevensort,25000,29.611572,15.933838,0.011292,1.19827
C#,oddevensort,25000,29.537720,15.959351,0.008179,1.19076
C#,oddevensort,25000,29.708496,16.029480,0.007202,1.20102
C#,oddevensort,25000,29.554993,15.913330,0.008362,1.19596
C#,quicksort,25000,0.561096,0.307251,0.000000,0.023501
C#,quicksort,25000,0.543335,0.305054,0.000000,0.022779
C#,quicksort,25000,0.544128,0.271057,0.000000,0.023933
C#,quicksort,25000,0.527588,0.231873,0.000000,0.025946
C#,quicksort,25000,0.537476,0.231873,0.000000,0.027156
C#,selectionsort,25000,16.735352,8.988525,0.023926,0.677013
C#,selectionsort,25000,16.686584,8.943604,0.005005,0.678957
C#,selectionsort,25000,16.743469,9.037415,0.002686,0.676738
C#,selectionsort,25000,16.343262,8.830078,0.006470,0.660575
C#,selectionsort,25000,16.115784,8.673950,0.007141,0.653091
Go,bubblesort,25000,20.182312,10.730774,0.027893,0.825568
Go,bubblesort,25000,20.006287,10.715393,0.005981,0.813457
Go,bubblesort,25000,19.632507,10.523560,0.000000,0.800708
Go,bubblesort,25000,20.116211,10.744995,0.004395,0.821978
Go,bubblesort,25000,19.733337,10.571960,0.008667,0.803365
Go,cyclesort,25000,34.370300,18.456299,0.030701,1.39273
Go,cyclesort,25000,33.980042,18.136963,0.009399,1.38985
Go,cyclesort,25000,33.675354,17.831604,0.006409,1.39097
Go,cyclesort,25000,34.090210,18.192932,0.012024,1.39203
Go,cyclesort,25000,34.152344,18.190552,0.014832,1.40018
Go,heapsort,25000,0.217407,0.121216,0.000000,0.007454
Go,heapsort,25000,0.134277,0.074158,0.000000,0.006375
Go,heapsort,25000,0.142578,0.077271,0.000000,0.006036
Go,heapsort,25000,0.143250,0.074402,0.000000,0.005963
Go,heapsort,25000,0.152954,0.082031,0.000000,0.005854
Go,insertionsort,25000,2.215820,1.097229,0.009399,0.095111
Go,insertionsort,25000,2.795227,1.517700,0.000000,0.111939
Go,insertionsort,25000,2.157227,1.129517,0.000000,0.090691
Go,insertionsort,25000,2.441650,1.301453,0.002747,0.098524
Go,insertionsort,25000,2.590088,1.386475,0.000000,0.104653
Go,mergesort,25000,0.200806,0.092163,0.007568,0.007581
Go,mergesort,25000,0.166565,0.073425,0.002747,0.007995
Go,mergesort,25000,0.165588,0.070129,0.001282,0.007555
Go,mergesort,25000,0.158203,0.061401,0.000000,0.007438
Go,mergesort,25000,0.157898,0.063477,0.000000,0.007523
Go,oddevensort,25000,11.360596,6.025146,0.014954,0.4673
Go,oddevensort,25000,11.352295,6.132996,0.002197,0.459573
Go,oddevensort,25000,11.376770,6.166199,0.006287,0.457449
Go,oddevensort,25000,11.337646,6.098816,0.000000,0.461086
Go,oddevensort,25000,11.393372,6.131470,0.006958,0.46125
Go,quicksort,25000,0.132446,0.061340,0.004700,0.006238
Go,quicksort,25000,0.153381,0.072571,0.005066,0.005569
Go,quicksort,25000,0.125732,0.069580,0.000000,0.005059
Go,quicksort,25000,0.116089,0.058350,0.001526,0.005479
Go,quicksort,25000,0.126892,0.056641,0.000000,0.005574
Go,selectionsort,25000,9.286072,4.933350,0.007996,0.379313
Go,selectionsort,25000,8.883301,4.772278,0.005127,0.360006
Go,selectionsort,25000,8.763123,4.687622,0.004395,0.356598
Go,selectionsort,25000,9.411560,5.043396,0.002136,0.382705
Go,selectionsort,25000,8.857117,4.720764,0.007019,0.361618
Haskell,bubblesort,25000,0.319702,0.118652,0.008728,0.016295
Haskell,bubblesort,25000,0.300964,0.115112,0.000000,0.015608
Haskell,bubblesort,25000,0.273193,0.109802,0.000000,0.015491
Haskell,bubblesort,25000,0.302429,0.111450,0.000000,0.015456
Haskell,bubblesort,25000,0.210693,0.042664,0.000000,0.01553
Haskell,cyclesort,25000,254.681030,136.510498,0.093811,10.3068
Haskell,cyclesort,25000,252.015991,135.521912,0.078735,10.1642
Haskell,cyclesort,25000,253.207703,136.121765,0.095520,10.2138
Haskell,cyclesort,25000,253.741943,136.460999,0.080994,10.2341
Haskell,cyclesort,25000,253.551331,136.265686,0.079346,10.2244
Haskell,heapsort,25000,0.286682,0.113953,0.012634,0.014077
Haskell,heapsort,25000,0.382507,0.196472,0.001038,0.01424
Haskell,heapsort,25000,0.334595,0.171387,0.000000,0.014078
Haskell,heapsort,25000,0.321472,0.142334,0.000000,0.014047
Haskell,heapsort,25000,0.334167,0.175110,0.000000,0.014064
Haskell,insertionsort,25000,0.328369,0.120483,0.009033,0.016788
Haskell,insertionsort,25000,0.229492,0.044434,0.000061,0.015429
Haskell,insertionsort,25000,0.222168,0.038452,0.000000,0.015632
Haskell,insertionsort,25000,0.225647,0.032043,0.000000,0.017333
Haskell,insertionsort,25000,0.261414,0.020874,0.000000,0.020896
Haskell,mergesort,25000,0.691040,0.084351,0.009521,0.051542
Haskell,mergesort,25000,0.499573,0.215332,0.000000,0.02553
Haskell,mergesort,25000,0.546570,0.267273,0.000000,0.025458
Haskell,mergesort,25000,0.611450,0.331116,0.000000,0.025031
Haskell,mergesort,25000,0.491577,0.220276,0.000000,0.024635
Haskell,oddevensort,25000,0.481201,0.180054,0.010864,0.025075
Haskell,oddevensort,25000,0.427673,0.138184,0.001160,0.02459
Haskell,oddevensort,25000,0.425293,0.137573,0.000000,0.024543
Haskell,oddevensort,25000,0.427429,0.138794,0.000000,0.024557
Haskell,oddevensort,25000,0.421509,0.133850,0.000000,0.024605
Haskell,quicksort,25000,0.352722,0.177429,0.008240,0.015133
Haskell,quicksort,25000,0.345215,0.137268,0.003235,0.015112
Haskell,quicksort,25000,0.318115,0.150879,0.000000,0.015144
Haskell,quicksort,25000,0.307373,0.134094,0.000000,0.015123
Haskell,quicksort,25000,0.298645,0.123596,0.000000,0.015026
Haskell,selectionsort,25000,0.242920,0.049500,0.008362,0.015811
Haskell,selectionsort,25000,0.221069,0.033569,0.001221,0.015328
Haskell,selectionsort,25000,0.224792,0.028503,0.000000,0.016462
Haskell,selectionsort,25000,0.228699,0.022705,0.000000,0.018216
Haskell,selectionsort,25000,0.268311,0.016602,0.000000,0.021455
Python,bubblesort,25000,597.458740,322.624573,0.201355,24.1047
Python,bubblesort,25000,594.216614,321.187805,0.198853,23.9638
Python,bubblesort,25000,596.934326,322.914734,0.191650,24.0513
Python,bubblesort,25000,583.653015,315.110535,0.196289,23.5447
Python,bubblesort,25000,589.068237,317.939758,0.208557,23.778
Python,cyclesort,25000,879.778564,474.208313,0.282959,35.5797
Python,cyclesort,25000,907.442749,488.972534,0.296997,36.685
Python,cyclesort,25000,895.964905,483.034058,0.286560,36.2216
Python,cyclesort,25000,925.767029,499.896362,0.264343,37.3837
Python,cyclesort,25000,891.070496,481.375549,0.270935,35.9588
Python,heapsort,25000,3.081177,1.647217,0.000000,0.124931
Python,heapsort,25000,3.410767,1.854187,0.000977,0.135721
Python,heapsort,25000,3.034424,1.609741,0.005432,0.12433
Python,heapsort,25000,3.426086,1.847839,0.000000,0.137925
Python,heapsort,25000,2.864807,1.542969,0.000000,0.115476
Python,insertionsort,25000,260.827271,140.969116,0.095520,10.5184
Python,insertionsort,25000,259.587524,140.265442,0.082031,10.4686
Python,insertionsort,25000,263.981689,142.583374,0.086975,10.643
Python,insertionsort,25000,262.636292,141.775024,0.084595,10.597
Python,insertionsort,25000,257.571106,139.179993,0.079163,10.3797
Python,mergesort,25000,3.068115,1.580017,0.018799,0.126424
Python,mergesort,25000,2.544800,1.378723,0.000000,0.101655
Python,mergesort,25000,3.063721,1.638123,0.000000,0.125177
Python,mergesort,25000,2.570679,1.397949,0.000000,0.102942
Python,mergesort,25000,3.072021,1.641846,0.000000,0.124719
Python,oddevensort,25000,609.362366,329.317627,0.201965,24.573
Python,oddevensort,25000,621.234924,335.203125,0.204468,25.1047
Python,oddevensort,25000,617.984070,333.628479,0.205383,24.9621
Python,oddevensort,25000,620.859436,334.926758,0.188354,25.0819
Python,oddevensort,25000,630.903015,340.575806,0.200378,25.4754
Python,quicksort,25000,2.353943,1.255676,0.000000,0.095877
Python,quicksort,25000,2.364075,1.260315,0.004333,0.097763
Python,quicksort,25000,2.097351,1.137329,0.000000,0.084045
Python,quicksort,25000,2.672668,1.416931,0.002502,0.10907
Python,quicksort,25000,2.076050,1.113281,0.000000,0.084974
Python,selectionsort,25000,272.831604,147.262939,0.106812,11.0154
Python,selectionsort,25000,272.039185,146.794495,0.097778,10.9869
Python,selectionsort,25000,272.510864,146.590027,0.090759,11.0478
Python,selectionsort,25000,268.927856,144.645630,0.063721,10.9127
Python,selectionsort,25000,272.288269,146.861877,0.096802,10.9983
Rust,bubblesort,25000,21.289429,11.471191,0.011292,0.858563
Rust,bubblesort,25000,20.673889,11.017944,0.009155,0.846697
Rust,bubblesort,25000,20.851929,11.149780,0.005493,0.849356
Rust,bubblesort,25000,21.157532,11.315002,0.008850,0.863034
Rust,bubblesort,25000,20.678345,11.106140,0.006042,0.841485
Rust,cyclesort,25000,5.791077,3.125916,0.013123,0.231939
Rust,cyclesort,25000,5.583435,3.015320,0.004028,0.223439
Rust,cyclesort,25000,5.513611,2.989868,0.000000,0.221675
Rust,cyclesort,25000,5.612732,3.012207,0.002197,0.227783
Rust,cyclesort,25000,5.676575,3.043945,0.000000,0.230336
Rust,heapsort,25000,0.188232,0.101746,0.008240,0.007439
Rust,heapsort,25000,0.187561,0.094543,0.000854,0.00782
Rust,heapsort,25000,0.166321,0.100708,0.000000,0.007501
Rust,heapsort,25000,0.172058,0.078308,0.000000,0.007721
Rust,heapsort,25000,0.198425,0.103394,0.000000,0.007486
Rust,insertionsort,25000,3.077332,1.606445,0.006897,0.127788
Rust,insertionsort,25000,3.376526,1.786438,0.002441,0.139242
Rust,insertionsort,25000,2.776306,1.480286,0.000000,0.113399
Rust,insertionsort,25000,3.376221,1.819397,0.002502,0.135931
Rust,insertionsort,25000,2.794617,1.502869,0.002686,0.112679
Rust,mergesort,25000,0.175476,0.083496,0.009094,0.007035
Rust,mergesort,25000,0.145752,0.073303,0.000549,0.005713
Rust,mergesort,25000,0.126831,0.077087,0.000000,0.005369
Rust,mergesort,25000,0.182434,0.096924,0.000000,0.00713
Rust,mergesort,25000,0.169312,0.074280,0.000000,0.007431
Rust,oddevensort,25000,15.949036,8.510498,0.013855,0.650468
Rust,oddevensort,25000,15.664917,8.399841,0.005066,0.636721
Rust,oddevensort,25000,15.988098,8.537231,0.006348,0.652589
Rust,oddevensort,25000,15.583862,8.377014,0.003723,0.632982
Rust,oddevensort,25000,15.994812,8.591125,0.002014,0.649524
Rust,quicksort,25000,0.121460,0.064819,0.000000,0.004972
Rust,quicksort,25000,0.100830,0.063843,0.000000,0.004671
Rust,quicksort,25000,0.125488,0.065002,0.000000,0.004654
Rust,quicksort,25000,0.101929,0.064758,0.000000,0.004588
Rust,quicksort,25000,0.125732,0.065369,0.000000,0.004628
Rust,selectionsort,25000,8.064514,4.262085,0.013062,0.330864
Rust,selectionsort,25000,7.419861,3.928406,0.008423,0.305817
Rust,selectionsort,25000,7.416870,4.004578,0.002563,0.300333
Rust,selectionsort,25000,7.683655,4.125549,0.005005,0.310615
Rust,selectionsort,25000,7.645142,4.093933,0.002136,0.310474
Swift,bubblesort,25000,619.175171,334.105347,0.228821,24.9995
Swift,bubblesort,25000,613.938416,331.260071,0.189941,24.7866
Swift,bubblesort,25000,604.118896,325.999878,0.159119,24.3953
Swift,bubblesort,25000,611.951233,330.513855,0.196838,24.7002
Swift,bubblesort,25000,606.988770,327.377686,0.204224,24.5344
Swift,cyclesort,25000,0.121460,0.069275,0.000000,0.005282
Swift,cyclesort,25000,0.126038,0.069458,0.000000,0.004928
Swift,cyclesort,25000,0.122070,0.064209,0.000000,0.004832
Swift,cyclesort,25000,0.112488,0.056885,0.000000,0.00505
Swift,cyclesort,25000,0.112183,0.056519,0.000000,0.005077
Swift,heapsort,25000,3.286194,1.700867,0.012878,0.136764
Swift,heapsort,25000,2.692688,1.447144,0.000000,0.110015
Swift,heapsort,25000,3.263306,1.733582,0.002625,0.132537
Swift,heapsort,25000,2.675903,1.446533,0.000000,0.107473
Swift,heapsort,25000,3.245728,1.713196,0.000000,0.133413
Swift,insertionsort,25000,511.783813,275.626892,0.179504,20.7233
Swift,insertionsort,25000,510.411499,275.164490,0.160950,20.6586
Swift,insertionsort,25000,510.786133,274.889954,0.163757,20.6985
Swift,insertionsort,25000,511.673401,275.309143,0.145691,20.7482
Swift,insertionsort,25000,512.938171,276.150574,0.176575,20.7625
Swift,mergesort,25000,2.026001,1.083679,0.013916,0.08094
Swift,mergesort,25000,2.038391,1.103333,0.000000,0.082139
Swift,mergesort,25000,1.722290,0.915344,0.000000,0.070725
Swift,mergesort,25000,1.869751,1.022217,0.000000,0.075252
Swift,mergesort,25000,2.095947,1.109985,0.000000,0.087701
Swift,oddevensort,25000,1204.285706,649.313538,0.404541,48.7003
Swift,oddevensort,25000,1210.424866,653.528320,0.373718,48.8641
Swift,oddevensort,25000,1222.342773,659.720703,0.407593,49.373
Swift,oddevensort,25000,1241.870483,670.692871,0.374084,50.1403
Swift,oddevensort,25000,1221.416199,659.101196,0.373352,49.3534
Swift,quicksort,25000,3.092651,1.658630,0.000000,0.125729
Swift,quicksort,25000,2.993835,1.610046,0.000000,0.120263
Swift,quicksort,25000,3.072937,1.629150,0.000000,0.126935
Swift,quicksort,25000,3.065613,1.654907,0.000000,0.124013
Swift,quicksort,25000,3.058716,1.658081,0.000000,0.122339
Swift,selectionsort,25000,120.011353,64.568787,0.058594,4.85747
Swift,selectionsort,25000,119.457825,64.281677,0.038208,4.84572
Swift,selectionsort,25000,121.108582,65.207397,0.036987,4.90226
Swift,selectionsort,25000,119.017456,64.078918,0.029846,4.82276
Swift,selectionsort,25000,120.494141,64.756226,0.046753,4.88793
C,bubblesort,50000,138.098511,72.621826,0.057800,5.74559
C,bubblesort,50000,139.576660,73.727966,0.045288,5.7762
C,bubblesort,50000,139.381104,73.636719,0.046143,5.76739
C,bubblesort,50000,139.966248,73.952393,0.049133,5.7954
C,bubblesort,50000,139.295532,73.493835,0.036926,5.77484
C,cyclesort,50000,138.047913,72.837952,0.064148,5.72294
C,cyclesort,50000,138.536072,73.129639,0.039368,5.7431
C,cyclesort,50000,137.966431,72.507019,0.039062,5.74874
C,cyclesort,50000,138.362976,72.698608,0.047363,5.7651
C,cyclesort,50000,138.987854,73.157227,0.049316,5.77909
C,heapsort,50000,0.172424,0.081970,0.000000,0.006109
C,heapsort,50000,0.148254,0.080383,0.000000,0.006023
C,heapsort,50000,0.148682,0.080200,0.000000,0.00577
C,heapsort,50000,0.148315,0.079468,0.000000,0.005908
C,heapsort,50000,0.147400,0.080383,0.000000,0.00595
C,insertionsort,50000,5.910950,3.072510,0.013184,0.246219
C,insertionsort,50000,5.928711,3.186035,0.008606,0.240154
C,insertionsort,50000,5.919189,3.225037,0.000000,0.238523
C,insertionsort,50000,5.903748,3.170349,0.004517,0.240354
C,insertionsort,50000,5.856445,3.149231,0.000000,0.237631
C,mergesort,50000,0.185181,0.087952,0.007812,0.008201
C,mergesort,50000,0.175720,0.084717,0.000610,0.007696
C,mergesort,50000,0.151123,0.077148,0.000366,0.007553
C,mergesort,50000,0.159973,0.093811,0.000000,0.007519
C,mergesort,50000,0.205078,0.120911,0.000000,0.008469
C,oddevensort,50000,54.413269,29.011841,0.038330,2.22505
C,oddevensort,50000,54.255371,29.033569,0.016968,2.21292
C,oddevensort,50000,54.334229,29.049377,0.019531,2.21927
C,oddevensort,50000,54.561218,29.127136,0.018738,2.23136
C,oddevensort,50000,54.267334,28.951599,0.028259,2.21781
C,quicksort,50000,0.143860,0.071228,0.000000,0.005677
C,quicksort,50000,0.151245,0.080505,0.000000,0.005743
C,quicksort,50000,0.152405,0.078796,0.000000,0.005487
C,quicksort,50000,0.145752,0.074524,0.000000,0.005662
C,quicksort,50000,0.142761,0.068420,0.000000,0.005693
C,selectionsort,50000,18.151306,9.682678,0.016907,0.742057
C,selectionsort,50000,18.307434,9.822205,0.013489,0.742275
C,selectionsort,50000,18.070801,9.688416,0.007141,0.734478
C,selectionsort,50000,18.161865,9.737549,0.008911,0.73889
C,selectionsort,50000,18.127075,9.753662,0.003967,0.736177
C++,bubblesort,50000,140.524841,73.823730,0.057556,5.8535
C++,bubblesort,50000,141.157532,74.543884,0.049805,5.84172
C++,bubblesort,50000,141.838013,74.770569,0.048157,5.88204
C++,bubblesort,50000,142.046326,75.458496,0.049988,5.84218
C++,bubblesort,50000,141.632019,75.053406,0.049866,5.84323
C++,cyclesort,50000,147.812195,77.777405,0.047424,6.14835
C++,cyclesort,50000,147.613586,77.720886,0.044006,6.13523
C++,cyclesort,50000,147.767761,77.654419,0.055908,6.14966
C++,cyclesort,50000,148.146301,77.888977,0.051453,6.1634
C++,cyclesort,50000,148.087341,77.942200,0.058594,6.15598
C++,heapsort,50000,0.183960,0.083618,0.000000,0.007213
C++,heapsort,50000,0.177185,0.093506,0.000000,0.006574
C++,heapsort,50000,0.163208,0.080200,0.000000,0.006588
C++,heapsort,50000,0.155579,0.074890,0.000000,0.006743
C++,heapsort,50000,0.154846,0.071838,0.000000,0.006693
C++,insertionsort,50000,6.883606,3.678589,0.013916,0.28066
C++,insertionsort,50000,6.884949,3.710327,0.002197,0.277528
C++,insertionsort,50000,6.814636,3.653442,0.004456,0.278739
C++,insertionsort,50000,6.998352,3.824158,0.000000,0.2804
C++,insertionsort,50000,7.261963,3.879578,0.008545,0.294216
C++,mergesort,50000,0.266357,0.118530,0.008484,0.011548
C++,mergesort,50000,0.260803,0.126648,0.001282,0.010305
C++,mergesort,50000,0.242554,0.126953,0.000000,0.009667
C++,mergesort,50000,0.243530,0.110352,0.000000,0.010498
C++,mergesort,50000,0.198792,0.089478,0.000000,0.010605
C++,oddevensort,50000,53.705811,28.623047,0.032471,2.19825
C++,oddevensort,50000,53.660339,28.743591,0.015991,2.1848
C++,oddevensort,50000,53.881775,28.909363,0.016296,2.19338
C++,oddevensort,50000,54.041748,28.971497,0.021667,2.19804
C++,oddevensort,50000,53.811035,28.986328,0.024780,2.17861
C++,quicksort,50000,0.228699,0.126343,0.000000,0.008944
C++,quicksort,50000,0.192810,0.092773,0.000000,0.00896
C++,quicksort,50000,0.210205,0.129272,0.000000,0.008301
C++,quicksort,50000,0.208801,0.109497,0.000000,0.009148
C++,quicksort,50000,0.145691,0.056641,0.000000,0.008259
C++,selectionsort,50000,18.169861,9.757202,0.012817,0.738338
C++,selectionsort,50000,18.058411,9.698425,0.006653,0.734038
C++,selectionsort,50000,18.102539,9.721436,0.008423,0.735411
C++,selectionsort,50000,18.145935,9.824829,0.006409,0.731359
C++,selectionsort,50000,18.198425,9.821533,0.002014,0.737179
C#,bubblesort,50000,173.959656,93.320496,0.080688,7.07091
C#,bubblesort,50000,172.274536,92.549194,0.057373,6.99779
C#,bubblesort,50000,172.035400,92.591064,0.061890,6.97009
C#,bubblesort,50000,171.450500,92.283630,0.056519,6.94755
C#,bubblesort,50000,172.578735,92.852905,0.061035,6.99541
C#,cyclesort,50000,226.709106,121.869690,0.074402,9.19854
C#,cyclesort,50000,228.058044,122.548828,0.076965,9.25102
C#,cyclesort,50000,226.693115,122.046448,0.066406,9.18739
C#,cyclesort,50000,226.735657,122.129395,0.073181,9.17902
C#,cyclesort,50000,224.886108,120.968628,0.061890,9.12766
C#,heapsort,50000,1.495850,0.615112,0.009033,0.075979
C#,heapsort,50000,0.961670,0.491028,0.002686,0.039297
C#,heapsort,50000,0.702942,0.299500,0.001160,0.034662
C#,heapsort,50000,0.719604,0.394287,0.000000,0.029074
C#,heapsort,50000,0.716431,0.373047,0.000000,0.029744
C#,insertionsort,50000,37.254944,19.819763,0.023804,1.52836
C#,insertionsort,50000,37.072815,20.044861,0.013794,1.49545
C#,insertionsort,50000,37.017090,19.880005,0.007446,1.50665
C#,insertionsort,50000,36.808960,19.859863,0.011414,1.48757
C#,insertionsort,50000,36.785095,19.861145,0.006592,1.48723
C#,mergesort,50000,1.020386,0.374023,0.006775,0.054297
C#,mergesort,50000,0.898438,0.487122,0.000000,0.036301
C#,mergesort,50000,0.934082,0.461487,0.000000,0.040593
C#,mergesort,50000,0.845642,0.387817,0.000000,0.039805
C#,mergesort,50000,0.726501,0.399109,0.000000,0.029144
C#,oddevensort,50000,121.044312,64.843872,0.061462,4.92902
C#,oddevensort,50000,121.958008,65.630737,0.033752,4.94248
C#,oddevensort,50000,121.808411,65.699646,0.042236,4.92194
C#,oddevensort,50000,121.811279,65.615356,0.040771,4.92728
C#,oddevensort,50000,120.932495,65.192139,0.040344,4.89096
C#,quicksort,50000,0.911804,0.450684,0.010315,0.037794
C#,quicksort,50000,0.680176,0.354553,0.000000,0.029463
C#,quicksort,50000,0.622681,0.344849,0.000000,0.025669
C#,quicksort,50000,0.625366,0.319702,0.000000,0.027031
C#,quicksort,50000,0.648621,0.337341,0.000000,0.026684
C#,selectionsort,50000,64.467590,34.680725,0.045532,2.61094
C#,selectionsort,50000,63.895142,34.458923,0.019531,2.58202
C#,selectionsort,50000,63.981384,34.495728,0.019531,2.58716
C#,selectionsort,50000,64.323975,34.628052,0.020813,2.60594
C#,selectionsort,50000,64.358521,34.480591,0.020325,2.6196
Go,bubblesort,50000,355.692383,189.797852,0.127563,14.5549
Go,bubblesort,50000,357.611633,191.049377,0.118286,14.6153
Go,bubblesort,50000,357.158936,192.136841,0.111755,14.4848
Go,bubblesort,50000,356.446777,191.027100,0.115356,14.5201
Go,bubblesort,50000,356.138306,191.131348,0.104919,14.4889
Go,cyclesort,50000,543.311157,288.656921,0.166565,22.3334
Go,cyclesort,50000,547.328979,291.895508,0.174316,22.404
Go,cyclesort,50000,547.451172,290.706177,0.178345,22.5224
Go,cyclesort,50000,546.364746,291.701843,0.190552,22.3381
Go,cyclesort,50000,544.386169,290.208374,0.190063,22.2989
Go,heapsort,50000,0.563904,0.291870,0.010132,0.02189
Go,heapsort,50000,0.508179,0.259583,0.001221,0.020559
Go,heapsort,50000,0.496521,0.240662,0.000000,0.021472
Go,heapsort,50000,0.373230,0.182739,0.000000,0.017169
Go,heapsort,50000,0.370117,0.201721,0.000000,0.014968
Go,insertionsort,50000,38.272034,20.572327,0.032959,1.54864
Go,insertionsort,50000,38.608215,20.814209,0.011108,1.56116
Go,insertionsort,50000,38.617432,20.804626,0.015503,1.56283
Go,insertionsort,50000,38.720703,20.915649,0.016968,1.5615
Go,insertionsort,50000,38.657288,20.879211,0.010986,1.55884
Go,mergesort,50000,0.414978,0.209167,0.000000,0.01775
Go,mergesort,50000,0.410095,0.198242,0.000000,0.017069
Go,mergesort,50000,0.385193,0.184814,0.000000,0.018213
Go,mergesort,50000,0.399475,0.169250,0.000000,0.019551
Go,mergesort,50000,0.409546,0.168152,0.000000,0.020533
Go,oddevensort,50000,218.366150,117.654358,0.087402,8.83686
Go,oddevensort,50000,217.562744,117.196960,0.072449,8.80066
Go,oddevensort,50000,218.147705,117.593323,0.072021,8.82337
Go,oddevensort,50000,217.073120,116.836731,0.070374,8.7949
Go,oddevensort,50000,218.523132,117.682129,0.064514,8.84775
Go,quicksort,50000,0.271729,0.144165,0.000000,0.010562
Go,quicksort,50000,0.246826,0.115112,0.000854,0.012248
Go,quicksort,50000,0.245850,0.088318,0.001221,0.012302
Go,quicksort,50000,0.223633,0.088135,0.000000,0.0123
Go,quicksort,50000,0.223755,0.104919,0.000000,0.011205
Go,selectionsort,50000,144.854858,77.583801,0.063477,5.90464
Go,selectionsort,50000,143.563171,77.250000,0.048096,5.82187
Go,selectionsort,50000,143.802002,77.270630,0.046021,5.83422
Go,selectionsort,50000,144.736572,77.954651,0.042847,5.85779
Go,selectionsort,50000,144.826111,77.797607,0.048157,5.88291
Haskell,bubblesort,50000,0.293640,0.103149,0.009827,0.014682
Haskell,bubblesort,50000,0.220886,0.053040,0.000366,0.015491
Haskell,bubblesort,50000,0.252808,0.040466,0.000000,0.017405
Haskell,bubblesort,50000,0.241699,0.035522,0.000000,0.017859
Haskell,bubblesort,50000,0.243164,0.035950,0.000000,0.017821
Haskell,cyclesort,50000,1150.699463,616.489380,0.401001,46.4485
Haskell,cyclesort,50000,1156.147522,620.332703,0.399841,46.6047
Haskell,cyclesort,50000,1162.096680,623.535522,0.339600,46.8443
Haskell,cyclesort,50000,1146.116028,614.293762,0.369507,46.2456
Haskell,cyclesort,50000,1160.529236,622.165527,0.307312,46.8541
Haskell,heapsort,50000,0.356750,0.185913,0.000000,0.014412
Haskell,heapsort,50000,0.306824,0.107544,0.003845,0.015453
Haskell,heapsort,50000,0.273926,0.022156,0.000000,0.021805
Haskell,heapsort,50000,0.258850,0.019836,0.000000,0.021136
Haskell,heapsort,50000,0.259949,0.019714,0.000000,0.020607
Haskell,insertionsort,50000,0.412598,0.034058,0.009949,0.032144
Haskell,insertionsort,50000,0.395020,0.041870,0.000000,0.031389
Haskell,insertionsort,50000,0.415955,0.077454,0.000000,0.030691
Haskell,insertionsort,50000,0.325562,0.147583,0.000000,0.017855
Haskell,insertionsort,50000,0.385193,0.212585,0.000000,0.014987
Haskell,mergesort,50000,0.810486,0.395813,0.009644,0.035099
Haskell,mergesort,50000,0.738281,0.369507,0.000000,0.03376
Haskell,mergesort,50000,0.767639,0.374268,0.000000,0.033917
Haskell,mergesort,50000,0.758240,0.347961,0.000000,0.034157
Haskell,mergesort,50000,0.744751,0.356323,0.000000,0.034015
Haskell,oddevensort,50000,1.128723,0.599365,0.008362,0.045071
Haskell,oddevensort,50000,1.029358,0.516235,0.000000,0.045554
Haskell,oddevensort,50000,0.717896,0.331238,0.000000,0.034003
Haskell,oddevensort,50000,0.760254,0.373230,0.000000,0.034071
Haskell,oddevensort,50000,0.736206,0.321045,0.000000,0.035719
Haskell,quicksort,50000,0.253540,0.049500,0.008911,0.017408
Haskell,quicksort,50000,0.223877,0.045105,0.000000,0.016533
Haskell,quicksort,50000,0.280701,0.081909,0.000000,0.016453
Haskell,quicksort,50000,0.319519,0.109131,0.000000,0.017525
Haskell,quicksort,50000,0.334839,0.126343,0.000000,0.017863
Haskell,selectionsort,50000,0.373413,0.174744,0.008240,0.015966
Haskell,selectionsort,50000,0.251648,0.063965,0.001160,0.015374
Haskell,selectionsort,50000,0.204773,0.035583,0.000000,0.015345
Haskell,selectionsort,50000,0.217285,0.031250,0.000000,0.015421
Haskell,selectionsort,50000,0.219299,0.024170,0.000000,0.017322
Python,bubblesort,50000,2398.187561,1290.376770,0.771057,96.9731
Python,bubblesort,50000,2416.818726,1305.022461,0.739746,97.4586
Python,bubblesort,50000,2408.517456,1300.482056,0.722412,97.1353
Python,bubblesort,50000,2402.018127,1292.590637,0.711426,97.198
Python,bubblesort,50000,2394.946289,1290.776123,0.741028,96.8176
Python,cyclesort,50000,3641.852234,1959.380676,1.126160,147.231
Python,cyclesort,50000,3621.190552,1953.561279,1.197327,146.17
Python,cyclesort,50000,3618.560547,1948.235229,1.103882,146.347
Python,cyclesort,50000,3666.780396,1976.790405,1.102600,148.091
Python,heapsort,50000,5.913574,3.143555,0.000000,0.242861
Python,heapsort,50000,6.018616,3.220398,0.000000,0.243541
Python,heapsort,50000,6.202454,3.322144,0.006775,0.24967
Python,heapsort,50000,6.059204,3.190186,0.002197,0.249646
Python,heapsort,50000,6.035400,3.252991,0.000000,0.244553
Python,insertionsort,50000,1042.122253,561.016724,0.306519,42.197
Python,insertionsort,50000,1047.770569,564.547852,0.353638,42.3666
Python,insertionsort,50000,1048.396606,565.611450,0.312073,42.3503
Python,insertionsort,50000,1047.386719,564.831360,0.344055,42.2814
Python,insertionsort,50000,1037.250305,559.770569,0.309204,41.859
Python,mergesort,50000,5.280090,2.853210,0.001587,0.212057
Python,mergesort,50000,5.336243,2.864868,0.004333,0.21627
Python,mergesort,50000,5.264954,2.831726,0.000000,0.214664
Python,mergesort,50000,5.122925,2.757385,0.002747,0.205742
Python,mergesort,50000,5.053162,2.715271,0.002563,0.203804
Python,oddevensort,50000,2533.316711,1364.784058,0.784241,102.317
Python,oddevensort,50000,2544.065491,1370.165955,0.825073,102.738
Python,oddevensort,50000,2543.898315,1372.836731,0.806213,102.629
Python,oddevensort,50000,2525.427185,1362.053650,0.739136,101.991
Python,quicksort,50000,0.622864,0.316345,0.005981,0.025874
Python,quicksort,50000,0.501953,0.242371,0.006836,0.021876
Python,quicksort,50000,0.512634,0.255371,0.006714,0.021922
Python,quicksort,50000,0.523132,0.278442,0.006958,0.021048
Python,quicksort,50000,0.677368,0.340820,0.007324,0.027601
Python,selectionsort,50000,1094.966125,589.796204,0.335938,44.2763
Python,selectionsort,50000,1123.655579,605.020691,0.325195,45.4527
Python,selectionsort,50000,1110.067200,597.948853,0.306519,44.8797
Python,selectionsort,50000,1110.649109,598.207092,0.317444,44.8603
Python,selectionsort,50000,1123.166443,606.294250,0.363281,45.2828
Rust,bubblesort,50000,95.778564,51.166321,0.037781,3.9126
Rust,bubblesort,50000,96.212280,51.521179,0.032288,3.92107
Rust,bubblesort,50000,96.032410,51.369751,0.030518,3.91933
Rust,bubblesort,50000,96.062012,51.531738,0.031372,3.90813
Rust,bubblesort,50000,95.544067,51.089661,0.032410,3.90134
Rust,cyclesort,50000,22.777893,12.236328,0.016357,0.922471
Rust,cyclesort,50000,22.929810,12.358276,0.014832,0.925233
Rust,cyclesort,50000,22.962463,12.343018,0.008789,0.930262
Rust,cyclesort,50000,23.000122,12.409668,0.008972,0.929095
Rust,cyclesort,50000,23.028748,12.387085,0.008789,0.932934
Rust,heapsort,50000,0.245483,0.124268,0.009216,0.010253
Rust,heapsort,50000,0.238342,0.118958,0.001343,0.009342
Rust,heapsort,50000,0.202881,0.101440,0.000000,0.008982
Rust,heapsort,50000,0.258118,0.146790,0.000000,0.010121
Rust,heapsort,50000,0.284302,0.147156,0.000000,0.011659
Rust,insertionsort,50000,10.432739,5.667419,0.000000,0.420378
Rust,insertionsort,50000,10.381714,5.573242,0.007019,0.420785
Rust,insertionsort,50000,10.693237,5.777283,0.001160,0.433403
Rust,insertionsort,50000,10.630920,5.755859,0.004578,0.426502
Rust,insertionsort,50000,10.262024,5.561768,0.000000,0.413955
Rust,mergesort,50000,0.303040,0.162476,0.008118,0.012449
Rust,mergesort,50000,0.289124,0.142578,0.001282,0.011205
Rust,mergesort,50000,0.304749,0.161438,0.000000,0.011623
Rust,mergesort,50000,0.308594,0.158813,0.000000,0.012939
Rust,mergesort,50000,0.286255,0.160522,0.000000,0.011178
Rust,oddevensort,50000,67.115845,35.880859,0.032654,2.73998
Rust,oddevensort,50000,67.449524,36.061462,0.022278,2.75264
Rust,oddevensort,50000,67.771484,36.276306,0.013611,2.76421
Rust,oddevensort,50000,67.465454,36.114380,0.023926,2.75051
Rust,oddevensort,50000,68.061401,36.478333,0.025391,2.76923
Rust,quicksort,50000,0.167664,0.083984,0.000000,0.006744
Rust,quicksort,50000,0.150757,0.099060,0.000000,0.006732
Rust,quicksort,50000,0.169373,0.087219,0.000000,0.006602
Rust,quicksort,50000,0.146118,0.091064,0.000000,0.00662
Rust,quicksort,50000,0.148376,0.087341,0.000000,0.00653
Rust,selectionsort,50000,27.346008,14.661438,0.020020,1.10936
Rust,selectionsort,50000,26.907959,14.393982,0.013916,1.09402
Rust,selectionsort,50000,26.849060,14.421326,0.008728,1.09037
Rust,selectionsort,50000,27.186768,14.592590,0.010376,1.10493
Rust,selectionsort,50000,26.627869,14.317749,0.006104,1.07986
Swift,bubblesort,50000,2591.083679,1399.509583,0.811157,104.556
Swift,bubblesort,50000,2464.768372,1330.934143,0.752014,99.4979
Swift,bubblesort,50000,2451.787109,1324.511292,0.730835,98.924
Swift,bubblesort,50000,2447.423096,1322.482727,0.735840,98.7576
Swift,bubblesort,50000,2424.529663,1308.474792,0.754333,97.8727
Swift,cyclesort,50000,0.149475,0.073120,0.004822,0.006178
Swift,cyclesort,50000,0.137329,0.067017,0.005066,0.006339
Swift,cyclesort,50000,0.108032,0.053223,0.000916,0.005427
Swift,cyclesort,50000,0.107788,0.053955,0.000061,0.005278
Swift,cyclesort,50000,0.126160,0.050842,0.000000,0.005218
Swift,heapsort,50000,6.294250,3.315674,0.015381,0.25859
Swift,heapsort,50000,6.248535,3.377258,0.002930,0.251974
Swift,heapsort,50000,6.115051,3.322144,0.002502,0.244905
Swift,heapsort,50000,6.247803,3.386597,0.003052,0.251025
Swift,heapsort,50000,7.976013,4.285156,0.000000,0.323815
Swift,insertionsort,50000,2050.289734,1106.523682,0.652771,82.7488
Swift,insertionsort,50000,2112.403564,1140.908203,0.657166,85.2505
Swift,insertionsort,50000,2103.281799,1135.377625,0.658813,84.8819
Swift,insertionsort,50000,2054.529236,1108.800903,0.630005,82.929
Swift,insertionsort,50000,2100.523010,1135.380676,0.650208,84.7373
Swift,mergesort,50000,3.658081,1.963257,0.001221,0.149416
Swift,mergesort,50000,3.957764,2.130859,0.000000,0.161054
Swift,mergesort,50000,3.419434,1.868164,0.001099,0.13722
Swift,mergesort,50000,3.920288,2.127686,0.001038,0.156894
Swift,mergesort,50000,3.849915,2.100159,0.000000,0.153914
Swift,oddevensort,50000,4837.217163,2613.774170,1.525574,195.2
Swift,oddevensort,50000,4891.787964,2641.896179,1.537537,197.439
Swift,oddevensort,50000,4835.238770,2611.308533,1.409241,195.15
Swift,oddevensort,50000,4829.870422,2607.796326,1.512817,194.921
Swift,oddevensort,50000,4852.698914,2619.073120,1.436951,195.922
Swift,quicksort,50000,6.269104,3.339111,0.012817,0.255354
Swift,quicksort,50000,6.239624,3.348145,0.003906,0.253017
Swift,quicksort,50000,6.209290,3.364624,0.000000,0.250008
Swift,quicksort,50000,6.186523,3.326172,0.007996,0.250097
Swift,quicksort,50000,6.286560,3.390625,0.002319,0.253943
Swift,selectionsort,50000,469.466492,253.122620,0.167664,18.9726
Swift,selectionsort,50000,467.675781,251.692993,0.155334,18.9499
Swift,selectionsort,50000,469.789368,253.076782,0.143005,19.011
Swift,selectionsort,50000,472.294800,254.039246,0.155457,19.1416
Swift,selectionsort,50000,469.675598,252.630249,0.132935,19.0472
C,bubblesort,100000,564.128540,297.629944,0.226135,23.3787
C,bubblesort,100000,563.992615,298.128418,0.189575,23.3298
C,bubblesort,100000,560.251831,295.179871,0.170837,23.2661
C,bubblesort,100000,562.810181,297.085876,0.192078,23.3041
C,bubblesort,100000,563.421692,297.243103,0.176636,23.3417
C,cyclesort,100000,550.897339,290.312744,0.183350,22.8653
C,cyclesort,100000,556.731445,294.895691,0.194214,22.9768
C,cyclesort,100000,552.972351,292.174805,0.181091,22.8947
C,cyclesort,100000,553.471741,292.471436,0.205750,22.9108
C,cyclesort,100000,550.237000,289.294556,0.180786,22.912
C,heapsort,100000,0.280396,0.133118,0.008240,0.011968
C,heapsort,100000,0.248901,0.134949,0.001404,0.010104
C,heapsort,100000,0.247620,0.133362,0.000000,0.009892
C,heapsort,100000,0.240479,0.125183,0.000000,0.009827
C,heapsort,100000,0.236755,0.123596,0.000000,0.009928
C,insertionsort,100000,23.714600,12.701050,0.026306,0.962101
C,insertionsort,100000,23.431641,12.577820,0.006836,0.953212
C,insertionsort,100000,23.370056,12.638489,0.008484,0.94361
C,insertionsort,100000,23.606384,12.732849,0.009766,0.955566
C,insertionsort,100000,23.734436,12.906006,0.004456,0.950942
C,mergesort,100000,0.383179,0.189514,0.010742,0.014627
C,mergesort,100000,0.369019,0.195068,0.000000,0.01472
C,mergesort,100000,0.355896,0.186218,0.000000,0.015255
C,mergesort,100000,0.353149,0.186218,0.000000,0.015657
C,mergesort,100000,0.379883,0.190247,0.000000,0.015015
C,oddevensort,100000,221.526733,118.810059,0.086182,9.0109
C,oddevensort,100000,223.136719,119.774353,0.076965,9.06722
C,oddevensort,100000,222.560059,119.436218,0.075500,9.04144
C,oddevensort,100000,222.367188,119.173401,0.068787,9.05656
C,oddevensort,100000,223.419556,120.133667,0.068848,9.06542
C,quicksort,100000,0.247131,0.124207,0.000000,0.009206
C,quicksort,100000,0.206482,0.108887,0.000000,0.00954
C,quicksort,100000,0.223450,0.091980,0.000000,0.010096
C,quicksort,100000,0.199646,0.088074,0.000000,0.010081
C,quicksort,100000,0.197937,0.084900,0.000000,0.010077
C,selectionsort,100000,72.702576,38.924744,0.040039,2.96233
C,selectionsort,100000,72.346680,38.897156,0.023010,2.93328
C,selectionsort,100000,72.777039,39.125854,0.031921,2.95083
C,selectionsort,100000,72.352478,38.934265,0.023071,2.93001
C,selectionsort,100000,72.691406,39.088562,0.022583,2.94754
C++,bubblesort,100000,567.447510,299.476868,0.207947,23.512
C++,bubblesort,100000,571.674500,302.724121,0.202698,23.5817
C++,bubblesort,100000,571.468811,302.937317,0.196289,23.5623
C++,bubblesort,100000,568.314514,299.895569,0.187439,23.5367
C++,bubblesort,100000,569.379211,300.861023,0.198364,23.5356
C++,cyclesort,100000,590.531982,310.744568,0.180420,24.5491
C++,cyclesort,100000,591.689331,311.668518,0.197510,24.5541
C++,cyclesort,100000,591.786987,312.034302,0.201477,24.5509
C++,cyclesort,100000,592.544922,311.958679,0.164673,24.6104
C++,cyclesort,100000,593.104675,311.882935,0.216064,24.6489
C++,heapsort,100000,0.385010,0.190552,0.009216,0.015996
C++,heapsort,100000,0.331543,0.174500,0.001099,0.0141
C++,heapsort,100000,0.376953,0.197815,0.000000,0.014377
C++,heapsort,100000,0.345764,0.180237,0.000000,0.013629
C++,heapsort,100000,0.336548,0.164612,0.000000,0.015345
C++,insertionsort,100000,27.397705,14.635437,0.024170,1.11654
C++,insertionsort,100000,27.642822,14.898254,0.011230,1.11559
C++,insertionsort,100000,27.523193,14.834106,0.005920,1.11334
C++,insertionsort,100000,27.435303,14.786987,0.008972,1.1106
C++,insertionsort,100000,28.083069,15.104797,0.009705,1.1381
C++,mergesort,100000,0.529419,0.291321,0.002258,0.021253
C++,mergesort,100000,0.565186,0.296509,0.000000,0.024481
C++,mergesort,100000,0.532532,0.281982,0.000000,0.022005
C++,mergesort,100000,0.462830,0.226685,0.000000,0.021451
C++,mergesort,100000,0.390930,0.219055,0.000000,0.016545
C++,oddevensort,100000,225.629395,121.423340,0.084167,9.14135
C++,oddevensort,100000,225.070190,121.109924,0.072388,9.12359
C++,oddevensort,100000,225.149292,120.995789,0.075928,9.1316
C++,oddevensort,100000,225.540894,121.132996,0.072754,9.15369
C++,oddevensort,100000,225.990967,121.375732,0.082581,9.17555
C++,quicksort,100000,0.241638,0.130188,0.000000,0.010055
C++,quicksort,100000,0.304260,0.147339,0.008789,0.011225
C++,quicksort,100000,0.261536,0.127380,0.001709,0.010287
C++,quicksort,100000,0.243896,0.129822,0.000000,0.009921
C++,quicksort,100000,0.246582,0.129944,0.000000,0.009825
C++,selectionsort,100000,73.192871,39.383728,0.046387,2.9615
C++,selectionsort,100000,73.295471,39.495544,0.022583,2.9668
C++,selectionsort,100000,72.580383,39.046631,0.031311,2.93811
C++,selectionsort,100000,72.764343,39.397095,0.030762,2.92402
C++,selectionsort,100000,73.205872,39.298218,0.023315,2.97451
C#,bubblesort,100000,697.260498,375.540100,0.214111,28.2234
C#,bubblesort,100000,692.119202,372.796021,0.218323,28.0218
C#,bubblesort,100000,693.833069,373.575317,0.227295,28.0942
C#,bubblesort,100000,693.292786,373.136475,0.212036,28.0889
C#,bubblesort,100000,696.064575,374.747009,0.223206,28.1922
C#,cyclesort,100000,906.725281,487.377014,0.275330,36.8108
C#,cyclesort,100000,899.808655,483.404236,0.286926,36.5509
C#,cyclesort,100000,909.746765,488.925476,0.292847,36.9099
C#,cyclesort,100000,897.696228,481.652954,0.284119,36.4778
C#,cyclesort,100000,903.567200,485.631531,0.280151,36.6623
C#,heapsort,100000,1.312805,0.703125,0.000000,0.052588
C#,heapsort,100000,0.995300,0.515930,0.000000,0.041751
C#,heapsort,100000,0.972534,0.513550,0.000000,0.039526
C#,heapsort,100000,0.961426,0.525208,0.000000,0.039243
C#,heapsort,100000,1.007629,0.554138,0.000000,0.040166
C#,insertionsort,100000,145.785339,78.393127,0.058105,5.91126
C#,insertionsort,100000,146.111145,78.551697,0.043884,5.92794
C#,insertionsort,100000,145.715088,78.315857,0.046997,5.90976
C#,insertionsort,100000,145.984985,78.448914,0.047058,5.92089
C#,insertionsort,100000,147.014893,79.098633,0.050476,5.95897
C#,mergesort,100000,1.856506,0.984802,0.000000,0.076112
C#,mergesort,100000,1.030273,0.511658,0.002808,0.044707
C#,mergesort,100000,0.948853,0.483032,0.000000,0.04103
C#,mergesort,100000,0.944031,0.507751,0.000000,0.039857
C#,mergesort,100000,1.014587,0.551392,0.000000,0.041762
C#,oddevensort,100000,491.866821,264.921143,0.169617,19.9061
C#,oddevensort,100000,490.363281,264.084045,0.172302,19.861
C#,oddevensort,100000,487.784241,262.450562,0.150757,19.7661
C#,oddevensort,100000,488.673218,263.342468,0.135498,19.7893
C#,oddevensort,100000,488.104187,263.132935,0.150208,19.7518
C#,quicksort,100000,1.201355,0.627625,0.010010,0.047645
C#,quicksort,100000,0.850586,0.436279,0.000000,0.037461
C#,quicksort,100000,0.766907,0.369873,0.000000,0.035177
C#,quicksort,100000,0.762939,0.396606,0.000000,0.033621
C#,quicksort,100000,0.800598,0.429321,0.000000,0.033068
C#,selectionsort,100000,255.720764,137.594543,0.098999,10.3625
C#,selectionsort,100000,253.908691,136.721375,0.077759,10.2771
C#,selectionsort,100000,254.066162,136.761719,0.082947,10.284
C#,selectionsort,100000,253.859741,136.775696,0.081909,10.2732
C#,selectionsort,100000,254.835205,137.238403,0.077637,10.3203
Go,bubblesort,100000,357.448364,191.975952,0.120789,14.515
Go,bubblesort,100000,355.745300,190.766235,0.112305,14.4676
Go,bubblesort,100000,354.326599,189.940186,0.100708,14.4296
Go,bubblesort,100000,355.969971,190.751648,0.120850,14.493
Go,bubblesort,100000,355.602112,190.651184,0.121643,14.4723
Go,cyclesort,100000,546.184448,291.390198,0.178284,22.3677
Go,cyclesort,100000,546.312683,291.601624,0.174133,22.3615
Go,cyclesort,100000,545.965393,291.406372,0.187683,22.3404
Go,cyclesort,100000,542.834045,288.942627,0.155090,22.294
Go,cyclesort,100000,544.705444,290.478760,0.155701,22.3082
Go,heapsort,100000,0.534790,0.277222,0.010132,0.022318
Go,heapsort,100000,0.418335,0.206543,0.000000,0.019693
Go,heapsort,100000,0.343262,0.142700,0.000000,0.018019
Go,heapsort,100000,0.397034,0.207336,0.000000,0.015238
Go,heapsort,100000,0.376343,0.207703,0.000000,0.015066
Go,insertionsort,100000,38.352295,20.652527,0.025635,1.55234
Go,insertionsort,100000,38.573608,20.781189,0.015747,1.5598
Go,insertionsort,100000,39.055481,21.068726,0.014099,1.57835
Go,insertionsort,100000,38.369446,20.702515,0.011414,1.55082
Go,insertionsort,100000,38.179749,20.595154,0.015503,1.54249
Go,mergesort,100000,0.512390,0.268677,0.000000,0.020862
Go,mergesort,100000,0.563293,0.264526,0.000000,0.024143
Go,mergesort,100000,0.465576,0.190491,0.000000,0.024487
Go,mergesort,100000,0.398804,0.127625,0.000000,0.023743
Go,mergesort,100000,0.387024,0.145935,0.000000,0.020828
Go,oddevensort,100000,0.124939,0.048279,0.007812,0.005988
Go,oddevensort,100000,0.091248,0.032898,0.000427,0.004853
Go,oddevensort,100000,0.090454,0.032532,0.001160,0.005096
Go,oddevensort,100000,0.069580,0.027954,0.000000,0.004546
Go,oddevensort,100000,0.069641,0.029419,0.000000,0.004745
Go,quicksort,100000,0.308777,0.067871,0.008667,0.020146
Go,quicksort,100000,0.313110,0.072815,0.000000,0.020587
Go,quicksort,100000,0.323853,0.130737,0.000000,0.018441
Go,quicksort,100000,0.325195,0.178223,0.000000,0.013138
Go,quicksort,100000,0.320374,0.158142,0.000000,0.013784
Go,selectionsort,100000,144.158997,77.369019,0.057434,5.85837
Go,selectionsort,100000,144.793091,77.890686,0.050903,5.86967
Go,selectionsort,100000,144.604858,77.749451,0.049988,5.86325
Go,selectionsort,100000,145.227417,78.051880,0.052551,5.88853
Go,selectionsort,100000,145.215576,77.936279,0.044434,5.89888
Haskell,bubblesort,100000,0.428162,0.129150,0.009399,0.025184
Haskell,bubblesort,100000,0.376831,0.092102,0.002075,0.025562
Haskell,bubblesort,100000,0.493652,0.180847,0.000000,0.026645
Haskell,bubblesort,100000,0.544434,0.234680,0.000000,0.02688
Haskell,bubblesort,100000,0.364014,0.180969,0.000000,0.016045
Haskell,cyclesort,100000,5229.996643,2792.341553,1.569153,211.166
Haskell,cyclesort,100000,5329.900146,2847.627686,1.665100,214.985
Haskell,cyclesort,100000,5258.749939,2810.225159,1.511414,212.035
Haskell,cyclesort,100000,5255.245850,2807.150940,1.691284,212.195
Haskell,cyclesort,100000,5344.659912,2853.761658,1.617920,215.744
Haskell,heapsort,100000,0.219421,0.075684,0.000000,0.013365
Haskell,heapsort,100000,0.216675,0.074158,0.000000,0.013323
Haskell,heapsort,100000,0.238403,0.072510,0.000000,0.013386
Haskell,heapsort,100000,0.210632,0.046509,0.000000,0.0139
Haskell,heapsort,100000,0.214417,0.031982,0.000000,0.01593
Haskell,insertionsort,100000,0.363708,0.174744,0.011902,0.014674
Haskell,insertionsort,100000,0.372375,0.193298,0.000244,0.014439
Haskell,insertionsort,100000,0.582031,0.295044,0.000000,0.024925
Haskell,insertionsort,100000,0.549683,0.265747,0.000000,0.025132
Haskell,insertionsort,100000,0.563354,0.277100,0.000000,0.025181
Haskell,mergesort,100000,1.422607,0.613953,0.008789,0.068759
Haskell,mergesort,100000,1.404602,0.623718,0.002441,0.067896
Haskell,mergesort,100000,1.829956,0.949646,0.002258,0.074626
Haskell,mergesort,100000,1.501404,0.748474,0.004028,0.065198
Haskell,mergesort,100000,1.337158,0.716370,0.000000,0.054121
Haskell,oddevensort,100000,1.627686,0.865723,0.012329,0.065211
Haskell,oddevensort,100000,1.946472,0.957275,0.000000,0.084583
Haskell,oddevensort,100000,1.338013,0.723999,0.000000,0.054195
Haskell,oddevensort,100000,1.333862,0.722534,0.000000,0.054312
Haskell,oddevensort,100000,1.637451,0.879333,0.000000,0.064731
Haskell,quicksort,100000,0.557007,0.244263,0.010132,0.025624
Haskell,quicksort,100000,0.355408,0.186340,0.000000,0.014925
Haskell,quicksort,100000,0.325500,0.149780,0.000000,0.01469
                                                                                                                                                                                                                                                                                                                                                                                                                                                                                                                                                                                                                                                                                                                                                                                                                                                                                                                                                                                                                                                                                                                                                                                                                                                                                                                                                                                                                                                                                                                                                                                                                                                                                                                                                                                                                                                                                                                                                                                                                                                                                                                                                                                                                                                                                                                                                                                                                                                                                                                                                                                                                                                                                                                                                                                                                                                                                                                                                                                                                                                                                                                                                                                                                                                                                                                                                                                                                                                                                                                                                                                                                                                                                                                                                                                                                                                                                                                                                                                                                                                                                                                                                                                                                                                                                                                                                                                                                                                                                                                                                                                                                                                                                                                                                                                                                                                                                                                                                                                                                                                                                                                                                                                                                                                                                                                                                                                                                                                                                                                                                                                                                                                                                                                                                                                                                                                                                                                                                                                                                                                                                                                                                                                                                                                                                                                                                                                                                                                                                                                                                                                                                                                                                                                                                                                                                                                                                                                                                                                                                                                                                                                                                                                                                                                                                                                                                                                                                                                                                                                                                                                                                                                                                                                                                                                                                                                                                                                                                                                                                                                                                                                                                                                                                                                                                                                                                                                                                                  Swift,selectionsort,100000,1964.880737,1060.244263,0.618835,79.4335
