Language , Program , Input Size , Package , Core(s) , GPU , DRAM? , Memory (KB) , Time (sec)
C, bubblesort_25000.sh, 25000, 2.780945 , 1.101501 , 0.040405 , 0.000000 , 38240, 0.141132 
C, cyclesort_25000.sh, 25000, 3.001343 , 0.949097 , 0.167053 , 0.000000 , 38568, 0.160138 
C, heapsort_25000.sh, 25000, 2.275391 , 0.901794 , 0.036194 , 0.000000 , 37420, 0.114967 
C, insertionsort_25000.sh, 25000, 2.422607 , 0.913635 , 0.036804 , 0.000000 , 37280, 0.125171 
C, mergesort_25000.sh, 25000, 2.797119 , 1.064819 , 0.084106 , 0.000000 , 39364, 0.141575 
C, oddevensort_25000.sh, 25000, 3.044006 , 1.086487 , 0.050171 , 0.000000 , 38608, 0.163849 
C, quicksort_25000.sh, 25000, 3.124878 , 1.054871 , 0.139038 , 0.000000 , 38328, 0.166229 
C, selectionsort_25000.sh, 25000, 2.264648 , 0.897461 , 0.038147 , 0.000000 , 38180, 0.113881 
C++, bubblesort_25000.sh, 25000, 24.320435 , 6.153992 , 0.082031 , 0.000000 , 84240, 1.5636 
C++, cyclesort_25000.sh, 25000, 11.407898 , 4.709656 , 0.045410 , 0.000000 , 85528, 0.574828 
C++, heapsort_25000.sh, 25000, 12.755493 , 4.621399 , 0.146790 , 0.000000 , 85480, 0.689893 
C++, insertionsort_25000.sh, 25000, 10.660461 , 4.388000 , 0.059021 , 0.000000 , 84736, 0.535807 
C++, mergesort_25000.sh, 25000, 23.569275 , 6.615540 , 0.095154 , 0.000000 , 87348, 1.46129 
C++, oddevensort_25000.sh, 25000, 11.137512 , 4.549194 , 0.033081 , 0.000000 , 85372, 0.566911 
C++, quicksort_25000.sh, 25000, 11.740906 , 4.807556 , 0.098999 , 0.000000 , 84932, 0.58866 
C++, selectionsort_25000.sh, 25000, 11.275513 , 4.642700 , 0.043274 , 0.000000 , 85376, 0.569054 
C#, bubblesort_25000.sh, 25000, 41.890808 , 8.463196 , 0.046753 , 0.000000 , 62848, 2.89402 
C#, cyclesort_25000.sh, 25000, 12.917419 , 5.326172 , 0.070557 , 0.000000 , 61248, 0.651623 
C#, heapsort_25000.sh, 25000, 12.278625 , 5.053162 , 0.034729 , 0.000000 , 65424, 0.621579 
C#, insertionsort_25000.sh, 25000, 13.002808 , 5.263733 , 0.109131 , 0.000000 , 65564, 0.657997 
C#, mergesort_25000.sh, 25000, 12.248230 , 5.075378 , 0.032532 , 0.000000 , 69364, 0.617937 
C#, oddevensort_25000.sh, 25000, 12.775146 , 5.306152 , 0.032410 , 0.000000 , 65628, 0.642813 
C#, quicksort_25000.sh, 25000, 12.232056 , 5.056946 , 0.020996 , 0.000000 , 69648, 0.618241 
C#, selectionsort_25000.sh, 25000, 12.458313 , 5.143250 , 0.034607 , 0.000000 , 67352, 0.628654 
Go, bubblesort_25000.sh, 25000, 25.415710 , 4.107056 , 0.088745 , 0.000000 , 56528, 1.83355 
Go, cyclesort_25000.sh, 25000, 4.014343 , 1.414368 , 0.075439 , 0.000000 , 56608, 0.215939 
Go, heapsort_25000.sh, 25000, 3.855957 , 1.378174 , 0.067322 , 0.000000 , 54896, 0.205275 
Go, insertionsort_25000.sh, 25000, 3.367554 , 1.125549 , 0.088196 , 0.000000 , 56716, 0.183514 
Go, mergesort_25000.sh, 25000, 3.706604 , 1.449890 , 0.023621 , 0.000000 , 57496, 0.191177 
Go, oddevensort_25000.sh, 25000, 3.885742 , 1.510437 , 0.021912 , 0.000000 , 54724, 0.20042 
Go, quicksort_25000.sh, 25000, 3.590942 , 1.329895 , 0.021057 , 0.000000 , 56596, 0.192115 
Go, selectionsort_25000.sh, 25000, 3.290771 , 1.189941 , 0.030334 , 0.000000 , 56220, 0.176812 
Haskell, bubblesort_25000.sh, 25000, 442.500122 , 135.634277 , 0.271057 , 0.000000 , 603664, 26.3182 
Haskell, cyclesort_25000.sh, 25000, 551.999817 , 225.429443 , 0.190918 , 0.000000 , 628836, 27.7486 
Haskell, heapsort_25000.sh, 25000, 285.634888 , 116.675293 , 0.136658 , 0.000000 , 632144, 14.36 
Haskell, insertionsort_25000.sh, 25000, 284.444275 , 116.046631 , 0.236816 , 0.000000 , 598512, 14.3002 
Haskell, mergesort_25000.sh, 25000, 285.763428 , 116.682373 , 0.121643 , 0.000000 , 627660, 14.3619 
Haskell, oddevensort_25000.sh, 25000, 264.770325 , 108.024292 , 0.157471 , 0.000000 , 641952, 13.3039 
Haskell, quicksort_25000.sh, 25000, 286.856323 , 117.104004 , 0.137939 , 0.000000 , 592220, 14.4244 
Haskell, selectionsort_25000.sh, 25000, 309.807556 , 126.510925 , 0.179871 , 0.000000 , 669724, 15.568 
Rust, bubblesort_25000.sh, 25000, 316.914734 , 100.609436 , 0.141907 , 0.000000 , 1085892, 18.6329 
Rust, cyclesort_25000.sh, 25000, 213.175232 , 88.137207 , 0.153625 , 0.000000 , 1075848, 10.7215 
Rust, heapsort_25000.sh, 25000, 221.420776 , 91.378723 , 0.132446 , 0.000000 , 1076192, 11.1497 
Rust, insertionsort_25000.sh, 25000, 213.891357 , 88.525146 , 0.129578 , 0.000000 , 1081448, 10.741 
Rust, mergesort_25000.sh, 25000, 225.003357 , 91.771912 , 0.101135 , 0.000000 , 1104524, 11.4286 
Rust, oddevensort_25000.sh, 25000, 217.969116 , 90.097351 , 0.145935 , 0.000000 , 1083324, 10.9572 
Rust, quicksort_25000.sh, 25000, 213.118774 , 88.264221 , 0.114136 , 0.000000 , 1091260, 10.7034 
Rust, selectionsort_25000.sh, 25000, 224.046143 , 92.801208 , 0.092529 , 0.000000 , 1079356, 11.2524 
Swift, bubblesort_25000.sh, 25000, 405.877075 , 147.112122 , 0.132202 , 0.000000 , 142752, 22.3701 
Swift, cyclesort_25000.sh, 25000, 326.050049 , 136.156433 , 0.171814 , 0.000000 , 143316, 16.4074 
Swift, heapsort_25000.sh, 25000, 344.656982 , 143.951233 , 0.169312 , 0.000000 , 147332, 17.3385 
Swift, insertionsort_25000.sh, 25000, 327.232605 , 136.897217 , 0.090210 , 0.000000 , 144408, 16.4503 
Swift, mergesort_25000.sh, 25000, 359.625427 , 150.153564 , 0.146484 , 0.000000 , 145296, 18.0945 
Swift, oddevensort_25000.sh, 25000, 327.365601 , 136.838745 , 0.168152 , 0.000000 , 143816, 16.462 
Swift, quicksort_25000.sh, 25000, 344.017944 , 143.820801 , 0.113281 , 0.000000 , 145260, 17.3023 
Swift, selectionsort_25000.sh, 25000, 339.379150 , 141.861267 , 0.163635 , 0.000000 , 144376, 17.0686 
C, bubblesort_25000.sh, 25000, 2.921631 , 1.013489 , 0.069641 , 0.000000 , 38252, 0.158031 
C, cyclesort_25000.sh, 25000, 2.486267 , 0.856689 , 0.079651 , 0.000000 , 38708, 0.132538 
C, heapsort_25000.sh, 25000, 2.726807 , 1.061584 , 0.034302 , 0.000000 , 37296, 0.140009 
C, insertionsort_25000.sh, 25000, 2.507080 , 0.820312 , 0.119934 , 0.000000 , 37428, 0.133426 
C, mergesort_25000.sh, 25000, 3.002014 , 1.155518 , 0.082703 , 0.000000 , 39628, 0.150199 
C, oddevensort_25000.sh, 25000, 2.884949 , 1.029114 , 0.034485 , 0.000000 , 38580, 0.157146 
C, quicksort_25000.sh, 25000, 2.560425 , 0.985352 , 0.046570 , 0.000000 , 38204, 0.130252 
C, selectionsort_25000.sh, 25000, 2.643555 , 1.062683 , 0.036255 , 0.000000 , 38124, 0.13348 
C++, bubblesort_25000.sh, 25000, 10.955811 , 4.492920 , 0.045227 , 0.000000 , 85488, 0.553687 
C++, cyclesort_25000.sh, 25000, 11.584167 , 4.741943 , 0.044922 , 0.000000 , 85264, 0.587059 
C++, heapsort_25000.sh, 25000, 11.673767 , 4.835632 , 0.035461 , 0.000000 , 85464, 0.586948 
C++, insertionsort_25000.sh, 25000, 11.356628 , 4.524963 , 0.143127 , 0.000000 , 84944, 0.576636 
C++, mergesort_25000.sh, 25000, 12.203186 , 5.038269 , 0.037537 , 0.000000 , 87064, 0.615983 
C++, oddevensort_25000.sh, 25000, 11.698792 , 4.812927 , 0.065674 , 0.000000 , 85776, 0.589384 
C++, quicksort_25000.sh, 25000, 11.236938 , 4.633972 , 0.041992 , 0.000000 , 84932, 0.565614 
C++, selectionsort_25000.sh, 25000, 11.116577 , 4.568848 , 0.038086 , 0.000000 , 85172, 0.561393 
C#, bubblesort_25000.sh, 25000, 13.099426 , 5.323364 , 0.098633 , 0.000000 , 65448, 0.664168 
C#, cyclesort_25000.sh, 25000, 12.308716 , 5.019653 , 0.033569 , 0.000000 , 67424, 0.628258 
C#, heapsort_25000.sh, 25000, 12.834778 , 5.311646 , 0.032776 , 0.000000 , 65500, 0.646379 
C#, insertionsort_25000.sh, 25000, 12.478027 , 5.048889 , 0.080261 , 0.000000 , 63224, 0.634435 
C#, mergesort_25000.sh, 25000, 12.915283 , 5.313232 , 0.079956 , 0.000000 , 67444, 0.648258 
C#, oddevensort_25000.sh, 25000, 12.124512 , 5.059692 , 0.023315 , 0.000000 , 63264, 0.610638 
C#, quicksort_25000.sh, 25000, 12.811401 , 5.320251 , 0.028809 , 0.000000 , 65304, 0.645336 
C#, selectionsort_25000.sh, 25000, 12.379456 , 5.079346 , 0.075623 , 0.000000 , 63252, 0.623559 
Go, bubblesort_25000.sh, 25000, 3.755493 , 1.489441 , 0.034485 , 0.000000 , 56956, 0.191004 
Go, cyclesort_25000.sh, 25000, 3.853882 , 1.356750 , 0.077515 , 0.000000 , 55856, 0.206989 
Go, heapsort_25000.sh, 25000, 3.617737 , 1.251404 , 0.022339 , 0.000000 , 57396, 0.200973 
Go, insertionsort_25000.sh, 25000, 3.179932 , 1.204346 , 0.070007 , 0.000000 , 53752, 0.163202 
Go, mergesort_25000.sh, 25000, 3.796021 , 1.399048 , 0.087769 , 0.000000 , 57696, 0.198453 
Go, oddevensort_25000.sh, 25000, 3.761414 , 1.412476 , 0.066040 , 0.000000 , 55144, 0.194353 
Go, quicksort_25000.sh, 25000, 3.510437 , 1.301208 , 0.032593 , 0.000000 , 56996, 0.187511 
Go, selectionsort_25000.sh, 25000, 3.290527 , 1.172119 , 0.077332 , 0.000000 , 56552, 0.175413 
Haskell, bubblesort_25000.sh, 25000, 284.863647 , 116.434387 , 0.184998 , 0.000000 , 632864, 14.3126 
Haskell, cyclesort_25000.sh, 25000, 545.506348 , 222.649414 , 0.165344 , 0.000000 , 685424, 27.4144 
Haskell, heapsort_25000.sh, 25000, 292.289368 , 119.217163 , 0.173950 , 0.000000 , 636728, 14.7073 
Haskell, insertionsort_25000.sh, 25000, 283.518372 , 115.720276 , 0.162170 , 0.000000 , 671216, 14.2473 
Haskell, mergesort_25000.sh, 25000, 287.273743 , 117.109863 , 0.132385 , 0.000000 , 627040, 14.4415 
Haskell, oddevensort_25000.sh, 25000, 269.899475 , 110.117310 , 0.132935 , 0.000000 , 610848, 13.5739 
Haskell, quicksort_25000.sh, 25000, 286.415405 , 116.975830 , 0.119446 , 0.000000 , 602784, 14.3942 
Haskell, selectionsort_25000.sh, 25000, 301.417908 , 122.539185 , 0.156860 , 0.000000 , 666992, 15.1824 
Rust, bubblesort_25000.sh, 25000, 216.106934 , 89.427795 , 0.143433 , 0.000000 , 1084052, 10.8558 
Rust, cyclesort_25000.sh, 25000, 218.624756 , 90.436401 , 0.085144 , 0.000000 , 1084260, 10.9883 
Rust, heapsort_25000.sh, 25000, 211.958252 , 87.773315 , 0.088562 , 0.000000 , 1078544, 10.6483 
Rust, insertionsort_25000.sh, 25000, 222.724609 , 92.217224 , 0.113464 , 0.000000 , 1082872, 11.1894 
Rust, mergesort_25000.sh, 25000, 212.947754 , 88.147217 , 0.140076 , 0.000000 , 1109560, 10.6953 
Rust, oddevensort_25000.sh, 25000, 222.795288 , 93.181885 , 0.107605 , 0.000000 , 1082784, 11.1932 
Rust, quicksort_25000.sh, 25000, 208.520386 , 87.556641 , 0.098511 , 0.000000 , 1090968, 10.4789 
Rust, selectionsort_25000.sh, 25000, 220.307617 , 92.467834 , 0.109375 , 0.000000 , 1072464, 11.071 
Swift, bubblesort_25000.sh, 25000, 326.776062 , 138.812256 , 0.123047 , 0.000000 , 144152, 16.4085 
Swift, cyclesort_25000.sh, 25000, 323.014221 , 137.148132 , 0.126587 , 0.000000 , 143576, 16.2343 
Swift, heapsort_25000.sh, 25000, 348.302551 , 147.856506 , 0.143799 , 0.000000 , 147348, 17.4961 
Swift, insertionsort_25000.sh, 25000, 329.831787 , 139.934998 , 0.144958 , 0.000000 , 144392, 16.5765 
Swift, mergesort_25000.sh, 25000, 356.383911 , 151.317078 , 0.133301 , 0.000000 , 145352, 17.9077 
Swift, oddevensort_25000.sh, 25000, 323.110291 , 137.214783 , 0.128113 , 0.000000 , 143892, 16.2382 
Swift, quicksort_25000.sh, 25000, 342.246460 , 145.301208 , 0.142456 , 0.000000 , 145268, 17.2001 
Swift, selectionsort_25000.sh, 25000, 328.402039 , 139.446350 , 0.141907 , 0.000000 , 144340, 16.4969 
C, bubblesort_25000.sh, 25000, 2.168945 , 0.724121 , 0.016296 , 0.000000 , 38376, 0.125613 
C, cyclesort_25000.sh, 25000, 2.628662 , 1.094055 , 0.016174 , 0.000000 , 38400, 0.131988 
C, heapsort_25000.sh, 25000, 1.998291 , 0.813232 , 0.015442 , 0.000000 , 37296, 0.102456 
C, insertionsort_25000.sh, 25000, 2.338867 , 0.963501 , 0.014465 , 0.000000 , 37424, 0.117412 
C, mergesort_25000.sh, 25000, 2.605774 , 1.048523 , 0.017578 , 0.000000 , 39628, 0.134038 
C, oddevensort_25000.sh, 25000, 2.341919 , 0.966125 , 0.016052 , 0.000000 , 38592, 0.117704 
C, quicksort_25000.sh, 25000, 3.045532 , 1.132263 , 0.029785 , 0.000000 , 38324, 0.164776 
C, selectionsort_25000.sh, 25000, 2.001770 , 0.756287 , 0.013672 , 0.000000 , 37932, 0.10856 
C++, bubblesort_25000.sh, 25000, 10.928223 , 4.519165 , 0.011414 , 0.000000 , 85756, 0.55813 
C++, cyclesort_25000.sh, 25000, 11.236328 , 4.730347 , 0.024658 , 0.000000 , 85328, 0.564471 
C++, heapsort_25000.sh, 25000, 11.197632 , 4.730408 , 0.017700 , 0.000000 , 85444, 0.563075 
C++, insertionsort_25000.sh, 25000, 10.858582 , 4.535400 , 0.024475 , 0.000000 , 84608, 0.548171 
C++, mergesort_25000.sh, 25000, 11.873291 , 5.002258 , 0.018921 , 0.000000 , 87112, 0.597726 
C++, oddevensort_25000.sh, 25000, 11.132324 , 4.734985 , 0.015442 , 0.000000 , 85780, 0.558525 
C++, quicksort_25000.sh, 25000, 11.330750 , 4.745605 , 0.025513 , 0.000000 , 84900, 0.570622 
C++, selectionsort_25000.sh, 25000, 10.656128 , 4.470276 , 0.015259 , 0.000000 , 85068, 0.538334 
C#, bubblesort_25000.sh, 25000, 12.275452 , 5.146179 , 0.014771 , 0.000000 , 65288, 0.621472 
C#, cyclesort_25000.sh, 25000, 12.468384 , 5.254272 , 0.024414 , 0.000000 , 65376, 0.628036 
C#, heapsort_25000.sh, 25000, 12.454468 , 5.270081 , 0.011597 , 0.000000 , 65388, 0.627987 
C#, insertionsort_25000.sh, 25000, 12.251648 , 5.203430 , 0.011719 , 0.000000 , 63396, 0.616276 
C#, mergesort_25000.sh, 25000, 12.702209 , 5.364075 , 0.024109 , 0.000000 , 62992, 0.638757 
C#, oddevensort_25000.sh, 25000, 12.171082 , 5.154663 , 0.008728 , 0.000000 , 63424, 0.614387 
C#, quicksort_25000.sh, 25000, 12.842834 , 5.411072 , 0.022888 , 0.000000 , 69484, 0.645163 
C#, selectionsort_25000.sh, 25000, 12.115051 , 5.072693 , 0.014771 , 0.000000 , 67372, 0.613517 
Go, bubblesort_25000.sh, 25000, 3.558533 , 1.472717 , 0.009583 , 0.000000 , 56600, 0.178458 
Go, cyclesort_25000.sh, 25000, 3.598145 , 1.359863 , 0.009460 , 0.000000 , 55700, 0.192931 
Go, heapsort_25000.sh, 25000, 2.964294 , 1.086121 , 0.008118 , 0.000000 , 56756, 0.161897 
Go, insertionsort_25000.sh, 25000, 3.419678 , 1.372925 , 0.008240 , 0.000000 , 56904, 0.176082 
Go, mergesort_25000.sh, 25000, 3.561890 , 1.417664 , 0.013000 , 0.000000 , 56348, 0.184044 
Go, oddevensort_25000.sh, 25000, 3.186584 , 1.241699 , 0.014832 , 0.000000 , 57200, 0.167235 
Go, quicksort_25000.sh, 25000, 3.232056 , 1.278992 , 0.008240 , 0.000000 , 56752, 0.168087 
Go, selectionsort_25000.sh, 25000, 3.521484 , 1.417664 , 0.009033 , 0.000000 , 56852, 0.180834 
Haskell, bubblesort_25000.sh, 25000, 281.440247 , 116.616211 , 0.127808 , 0.000000 , 632816, 14.1546 
Haskell, cyclesort_25000.sh, 25000, 536.780029 , 222.375122 , 0.221680 , 0.000000 , 717056, 26.9802 
Haskell, heapsort_25000.sh, 25000, 280.994690 , 116.443359 , 0.128906 , 0.000000 , 633924, 14.1254 
Haskell, insertionsort_25000.sh, 25000, 282.804749 , 117.097839 , 0.152527 , 0.000000 , 667756, 14.2167 
Haskell, mergesort_25000.sh, 25000, 287.850464 , 119.322754 , 0.139160 , 0.000000 , 599332, 14.4644 
Haskell, oddevensort_25000.sh, 25000, 267.035645 , 110.595337 , 0.139587 , 0.000000 , 671936, 13.4266 
Haskell, quicksort_25000.sh, 25000, 282.607666 , 117.161743 , 0.134216 , 0.000000 , 593924, 14.2074 
Haskell, selectionsort_25000.sh, 25000, 299.360657 , 123.890686 , 0.137390 , 0.000000 , 668332, 15.0546 
Rust, bubblesort_25000.sh, 25000, 212.697327 , 89.252747 , 0.099121 , 0.000000 , 1083488, 10.6952 
Rust, cyclesort_25000.sh, 25000, 222.190979 , 93.305237 , 0.107666 , 0.000000 , 1083328, 11.1657 
Rust, heapsort_25000.sh, 25000, 213.678223 , 89.755310 , 0.101196 , 0.000000 , 1076628, 10.7349 
Rust, insertionsort_25000.sh, 25000, 217.730896 , 91.451050 , 0.107727 , 0.000000 , 1081496, 10.9374 
Rust, mergesort_25000.sh, 25000, 217.482788 , 91.177490 , 0.102783 , 0.000000 , 1103040, 10.9411 
Rust, oddevensort_25000.sh, 25000, 211.289124 , 88.644592 , 0.106384 , 0.000000 , 1080396, 10.6192 
Rust, quicksort_25000.sh, 25000, 205.643738 , 86.345581 , 0.096619 , 0.000000 , 1091600, 10.335 
Rust, selectionsort_25000.sh, 25000, 215.316223 , 90.343994 , 0.112732 , 0.000000 , 1081888, 10.8148 
Swift, bubblesort_25000.sh, 25000, 325.764099 , 138.326843 , 0.118225 , 0.000000 , 144132, 16.3702 
Swift, cyclesort_25000.sh, 25000, 337.141602 , 143.105896 , 0.129700 , 0.000000 , 143644, 16.9434 
Swift, heapsort_25000.sh, 25000, 346.933044 , 147.283203 , 0.143372 , 0.000000 , 147368, 17.4306 
Swift, insertionsort_25000.sh, 25000, 336.700134 , 142.998718 , 0.137878 , 0.000000 , 144376, 16.9214 
Swift, mergesort_25000.sh, 25000, 348.088440 , 147.615662 , 0.141907 , 0.000000 , 145312, 17.4963 
Swift, oddevensort_25000.sh, 25000, 336.814453 , 142.945435 , 0.141113 , 0.000000 , 143600, 16.9266 
Swift, quicksort_25000.sh, 25000, 346.667908 , 147.107483 , 0.152283 , 0.000000 , 145280, 17.429 
Swift, selectionsort_25000.sh, 25000, 336.830261 , 142.969116 , 0.134155 , 0.000000 , 144424, 16.9375 
C, bubblesort_25000.sh, 25000, 1.975586 , 0.803955 , 0.015076 , 0.000000 , 38448, 0.099214 
C, cyclesort_25000.sh, 25000, 2.949280 , 1.099426 , 0.020142 , 0.000000 , 38708, 0.158734 
C, heapsort_25000.sh, 25000, 1.914185 , 0.773376 , 0.014832 , 0.000000 , 37420, 0.098152 
C, insertionsort_25000.sh, 25000, 2.610718 , 0.976013 , 0.014343 , 0.000000 , 37452, 0.141389 
C, mergesort_25000.sh, 25000, 2.359741 , 0.952332 , 0.010925 , 0.000000 , 39496, 0.122301 
C, oddevensort_25000.sh, 25000, 2.730469 , 1.117981 , 0.014526 , 0.000000 , 38708, 0.13704 
C, quicksort_25000.sh, 25000, 2.277405 , 0.939941 , 0.016235 , 0.000000 , 38324, 0.11673 
C, selectionsort_25000.sh, 25000, 2.567688 , 1.059998 , 0.015198 , 0.000000 , 37972, 0.128576 
C++, bubblesort_25000.sh, 25000, 10.761292 , 4.501160 , 0.018738 , 0.000000 , 85320, 0.544915 
C++, cyclesort_25000.sh, 25000, 11.111389 , 4.650208 , 0.031006 , 0.000000 , 85224, 0.55921 
C++, heapsort_25000.sh, 25000, 10.877380 , 4.592041 , 0.018066 , 0.000000 , 85188, 0.548053 
C++, insertionsort_25000.sh, 25000, 10.777710 , 4.541321 , 0.028442 , 0.000000 , 85364, 0.540701 
C++, mergesort_25000.sh, 25000, 12.264587 , 5.180725 , 0.021179 , 0.000000 , 87576, 0.616065 
C++, oddevensort_25000.sh, 25000, 10.847656 , 4.542786 , 0.019409 , 0.000000 , 86428, 0.547391 
C++, quicksort_25000.sh, 25000, 10.869934 , 4.582153 , 0.022034 , 0.000000 , 85512, 0.545778 
C++, selectionsort_25000.sh, 25000, 10.774292 , 4.505798 , 0.016724 , 0.000000 , 85604, 0.545894 
C#, bubblesort_25000.sh, 25000, 12.449219 , 5.230957 , 0.020020 , 0.000000 , 67364, 0.627314 
C#, cyclesort_25000.sh, 25000, 12.221863 , 5.165039 , 0.014343 , 0.000000 , 63612, 0.616239 
C#, heapsort_25000.sh, 25000, 12.132324 , 5.127808 , 0.011169 , 0.000000 , 67468, 0.612081 
C#, insertionsort_25000.sh, 25000, 12.550110 , 5.295715 , 0.021790 , 0.000000 , 61372, 0.631915 
C#, mergesort_25000.sh, 25000, 12.048645 , 5.095459 , 0.013367 , 0.000000 , 67452, 0.605217 
C#, oddevensort_25000.sh, 25000, 12.748901 , 5.388428 , 0.019653 , 0.000000 , 65524, 0.642242 
C#, quicksort_25000.sh, 25000, 12.219116 , 5.154663 , 0.013428 , 0.000000 , 63536, 0.617191 
C#, selectionsort_25000.sh, 25000, 12.756104 , 5.368652 , 0.013245 , 0.000000 , 63216, 0.643644 
Go, bubblesort_25000.sh, 25000, 3.685852 , 1.391541 , 0.013062 , 0.000000 , 57016, 0.198511 
Go, cyclesort_25000.sh, 25000, 3.066162 , 1.132141 , 0.007812 , 0.000000 , 54852, 0.16721 
Go, heapsort_25000.sh, 25000, 3.988831 , 1.558289 , 0.007996 , 0.000000 , 57152, 0.210048 
Go, insertionsort_25000.sh, 25000, 3.508728 , 1.386169 , 0.008179 , 0.000000 , 56468, 0.182885 
Go, mergesort_25000.sh, 25000, 3.276733 , 1.296509 , 0.008301 , 0.000000 , 57740, 0.171514 
Go, oddevensort_25000.sh, 25000, 3.207764 , 1.195190 , 0.013123 , 0.000000 , 55076, 0.171114 
Go, quicksort_25000.sh, 25000, 3.604370 , 1.458557 , 0.008545 , 0.000000 , 59164, 0.183275 
Go, selectionsort_25000.sh, 25000, 3.500916 , 1.398193 , 0.011047 , 0.000000 , 54932, 0.180985 
Haskell, bubblesort_25000.sh, 25000, 290.174988 , 120.435791 , 0.144043 , 0.000000 , 628784, 14.5863 
Haskell, cyclesort_25000.sh, 25000, 541.317932 , 224.244019 , 0.229065 , 0.000000 , 679080, 27.2115 
Haskell, heapsort_25000.sh, 25000, 283.894287 , 117.581787 , 0.132385 , 0.000000 , 635296, 14.2761 
Haskell, insertionsort_25000.sh, 25000, 276.228210 , 114.388367 , 0.132507 , 0.000000 , 669908, 13.8843 
Haskell, mergesort_25000.sh, 25000, 286.029846 , 118.302002 , 0.139832 , 0.000000 , 615024, 14.3818 
Haskell, oddevensort_25000.sh, 25000, 265.672852 , 109.953735 , 0.133484 , 0.000000 , 671316, 13.3573 
Haskell, quicksort_25000.sh, 25000, 278.868652 , 115.604797 , 0.129456 , 0.000000 , 601164, 14.0148 
Haskell, selectionsort_25000.sh, 25000, 302.142212 , 125.145630 , 0.144104 , 0.000000 , 667120, 15.1908 
Rust, bubblesort_25000.sh, 25000, 212.897949 , 89.273438 , 0.107544 , 0.000000 , 1081440, 10.7022 
Rust, cyclesort_25000.sh, 25000, 216.459045 , 90.837585 , 0.105103 , 0.000000 , 1078664, 10.8808 
Rust, heapsort_25000.sh, 25000, 208.981323 , 87.730530 , 0.099854 , 0.000000 , 1086152, 10.5012 
Rust, insertionsort_25000.sh, 25000, 212.313965 , 89.087952 , 0.104736 , 0.000000 , 1086496, 10.6664 
Rust, mergesort_25000.sh, 25000, 219.297791 , 92.112061 , 0.104309 , 0.000000 , 1108924, 11.0192 
Rust, oddevensort_25000.sh, 25000, 222.718262 , 93.525757 , 0.108521 , 0.000000 , 1078480, 11.1893 
Rust, quicksort_25000.sh, 25000, 207.080505 , 86.985474 , 0.104187 , 0.000000 , 1091444, 10.3999 
Rust, selectionsort_25000.sh, 25000, 222.561829 , 93.364014 , 0.114075 , 0.000000 , 1073200, 11.1863 
Swift, bubblesort_25000.sh, 25000, 336.555420 , 142.813843 , 0.128479 , 0.000000 , 144172, 16.9206 
Swift, cyclesort_25000.sh, 25000, 324.599792 , 137.804810 , 0.126343 , 0.000000 , 143360, 16.3121 
Swift, heapsort_25000.sh, 25000, 340.381287 , 144.394836 , 0.142090 , 0.000000 , 147168, 17.1122 
Swift, insertionsort_25000.sh, 25000, 336.427368 , 142.828247 , 0.144592 , 0.000000 , 144360, 16.9089 
Swift, mergesort_25000.sh, 25000, 344.285461 , 146.201050 , 0.134766 , 0.000000 , 145532, 17.2983 
Swift, oddevensort_25000.sh, 25000, 334.086548 , 141.805176 , 0.132935 , 0.000000 , 143796, 16.7986 
Swift, quicksort_25000.sh, 25000, 359.676453 , 152.540405 , 0.142822 , 0.000000 , 145216, 18.0886 
Swift, selectionsort_25000.sh, 25000, 322.995483 , 137.185242 , 0.131104 , 0.000000 , 144488, 16.2328 
C, bubblesort_25000.sh, 25000, 2.624634 , 1.006409 , 0.015625 , 0.000000 , 38320, 0.14074 
C, cyclesort_25000.sh, 25000, 2.178711 , 0.896179 , 0.016479 , 0.000000 , 38512, 0.111858 
C, heapsort_25000.sh, 25000, 2.586853 , 1.055420 , 0.022339 , 0.000000 , 37480, 0.131256 
C, insertionsort_25000.sh, 25000, 1.935242 , 0.785767 , 0.011353 , 0.000000 , 37556, 0.098661 
C, mergesort_25000.sh, 25000, 3.064453 , 1.253357 , 0.015076 , 0.000000 , 39572, 0.155514 
C, oddevensort_25000.sh, 25000, 2.027832 , 0.798645 , 0.011047 , 0.000000 , 38456, 0.105831 
C, quicksort_25000.sh, 25000, 2.978088 , 1.225708 , 0.016907 , 0.000000 , 38196, 0.150906 
C, selectionsort_25000.sh, 25000, 2.013550 , 0.818420 , 0.016357 , 0.000000 , 37948, 0.101511 
C++, bubblesort_25000.sh, 25000, 10.904846 , 4.571777 , 0.031494 , 0.000000 , 85816, 0.547523 
C++, cyclesort_25000.sh, 25000, 10.971741 , 4.613953 , 0.020813 , 0.000000 , 85800, 0.550176 
C++, heapsort_25000.sh, 25000, 10.637451 , 4.495850 , 0.016907 , 0.000000 , 85856, 0.534996 
C++, insertionsort_25000.sh, 25000, 10.697693 , 4.494202 , 0.019714 , 0.000000 , 85224, 0.540474 
C++, mergesort_25000.sh, 25000, 11.778625 , 4.948792 , 0.017944 , 0.000000 , 87432, 0.594619 
C++, oddevensort_25000.sh, 25000, 10.837830 , 4.566895 , 0.019531 , 0.000000 , 86436, 0.544931 
C++, quicksort_25000.sh, 25000, 11.156677 , 4.713745 , 0.016724 , 0.000000 , 85572, 0.560854 
C++, selectionsort_25000.sh, 25000, 11.063171 , 4.590576 , 0.028381 , 0.000000 , 85704, 0.562229 
C#, bubblesort_25000.sh, 25000, 12.133606 , 5.140686 , 0.014893 , 0.000000 , 65216, 0.609456 
C#, cyclesort_25000.sh, 25000, 12.609070 , 5.341064 , 0.010681 , 0.000000 , 63156, 0.634571 
C#, heapsort_25000.sh, 25000, 12.236938 , 5.132324 , 0.023865 , 0.000000 , 61292, 0.61794 
C#, insertionsort_25000.sh, 25000, 12.637085 , 5.359009 , 0.011047 , 0.000000 , 67284, 0.634664 
C#, mergesort_25000.sh, 25000, 12.130920 , 5.108643 , 0.020752 , 0.000000 , 67512, 0.610275 
C#, oddevensort_25000.sh, 25000, 12.812500 , 5.371033 , 0.021912 , 0.000000 , 67304, 0.646682 
C#, quicksort_25000.sh, 25000, 12.138489 , 5.136719 , 0.009644 , 0.000000 , 63304, 0.612477 
C#, selectionsort_25000.sh, 25000, 12.727173 , 5.379822 , 0.014587 , 0.000000 , 65428, 0.641287 
Go, bubblesort_25000.sh, 25000, 3.333191 , 1.186340 , 0.010742 , 0.000000 , 55096, 0.185023 
Go, cyclesort_25000.sh, 25000, 3.255798 , 1.214233 , 0.008118 , 0.000000 , 54940, 0.175996 
Go, heapsort_25000.sh, 25000, 3.648804 , 1.461365 , 0.013000 , 0.000000 , 56516, 0.186036 
Go, insertionsort_25000.sh, 25000, 3.637329 , 1.371887 , 0.008484 , 0.000000 , 56780, 0.194662 
Go, mergesort_25000.sh, 25000, 3.007629 , 1.207275 , 0.008423 , 0.000000 , 56664, 0.15509 
Go, oddevensort_25000.sh, 25000, 3.440857 , 1.374512 , 0.007507 , 0.000000 , 58828, 0.178154 
Go, quicksort_25000.sh, 25000, 3.567139 , 1.439087 , 0.008362 , 0.000000 , 57148, 0.182517 
Go, selectionsort_25000.sh, 25000, 3.356873 , 1.359985 , 0.015259 , 0.000000 , 54816, 0.170902 
Haskell, bubblesort_25000.sh, 25000, 283.460144 , 117.539185 , 0.128723 , 0.000000 , 603448, 14.2495 
Haskell, cyclesort_25000.sh, 25000, 539.890320 , 223.645996 , 0.193420 , 0.000000 , 699356, 27.1434 
Haskell, heapsort_25000.sh, 25000, 288.536560 , 119.574463 , 0.136353 , 0.000000 , 631980, 14.5012 
Haskell, insertionsort_25000.sh, 25000, 283.017212 , 117.100037 , 0.147095 , 0.000000 , 668272, 14.2291 
Haskell, mergesort_25000.sh, 25000, 288.900269 , 119.606567 , 0.127075 , 0.000000 , 687584, 14.528 
Haskell, oddevensort_25000.sh, 25000, 268.971680 , 111.404785 , 0.136902 , 0.000000 , 671948, 13.5153 
Haskell, quicksort_25000.sh, 25000, 279.273865 , 115.676941 , 0.149658 , 0.000000 , 607960, 14.0344 
Haskell, selectionsort_25000.sh, 25000, 301.666321 , 124.904419 , 0.147888 , 0.000000 , 684048, 15.1588 
Rust, bubblesort_25000.sh, 25000, 212.558411 , 89.116455 , 0.106262 , 0.000000 , 1083296, 10.687 
Rust, cyclesort_25000.sh, 25000, 212.667419 , 89.218750 , 0.102905 , 0.000000 , 1087420, 10.6876 
Rust, heapsort_25000.sh, 25000, 214.799255 , 90.134033 , 0.108276 , 0.000000 , 1077304, 10.7947 
Rust, insertionsort_25000.sh, 25000, 211.439453 , 88.767578 , 0.104431 , 0.000000 , 1081192, 10.6198 
Rust, mergesort_25000.sh, 25000, 217.583252 , 91.411072 , 0.095947 , 0.000000 , 1101224, 10.9335 
Rust, oddevensort_25000.sh, 25000, 216.776306 , 90.914551 , 0.106689 , 0.000000 , 1088268, 10.8955 
Rust, quicksort_25000.sh, 25000, 207.483643 , 87.066406 , 0.101318 , 0.000000 , 1091712, 10.4293 
Rust, selectionsort_25000.sh, 25000, 222.402466 , 93.406921 , 0.106384 , 0.000000 , 1083608, 11.174 
Swift, bubblesort_25000.sh, 25000, 327.865112 , 139.200073 , 0.123596 , 0.000000 , 144308, 16.4691 
Swift, cyclesort_25000.sh, 25000, 339.858826 , 144.114746 , 0.130005 , 0.000000 , 143340, 17.0984 
Swift, heapsort_25000.sh, 25000, 348.454651 , 147.838196 , 0.135925 , 0.000000 , 147500, 17.5222 
Swift, insertionsort_25000.sh, 25000, 338.182983 , 143.546143 , 0.145752 , 0.000000 , 144392, 17.0013 
Swift, mergesort_25000.sh, 25000, 348.357605 , 147.910828 , 0.137512 , 0.000000 , 145528, 17.509 
Swift, oddevensort_25000.sh, 25000, 323.441833 , 137.267456 , 0.138550 , 0.000000 , 144036, 16.2593 
Swift, quicksort_25000.sh, 25000, 357.076660 , 151.621094 , 0.127380 , 0.000000 , 145308, 17.9547 
Swift, selectionsort_25000.sh, 25000, 337.103577 , 143.291748 , 0.112000 , 0.000000 , 144308, 16.9435 
C, bubblesort_25000.sh, 25000, 2.624634 , 1.006409 , 0.015625 , 0.000000 , 38320, 0.14074 
C, bubblesort_50000.sh, 50000, 2.804260 , 1.155029 , 0.017700 , 0.000000 , 42884, 0.141786 
C, cyclesort_25000.sh, 25000, 2.178711 , 0.896179 , 0.016479 , 0.000000 , 38512, 0.111858 
C, cyclesort_50000.sh, 50000, 3.640564 , 1.463135 , 0.014893 , 0.000000 , 43348, 0.187562 
C, heapsort_25000.sh, 25000, 2.586853 , 1.055420 , 0.022339 , 0.000000 , 37480, 0.131256 
C, heapsort_50000.sh, 50000, 3.612183 , 1.417358 , 0.023804 , 0.000000 , 42784, 0.187069 
C, insertionsort_25000.sh, 25000, 1.935242 , 0.785767 , 0.011353 , 0.000000 , 37556, 0.098661 
C, insertionsort_50000.sh, 50000, 2.715515 , 1.085510 , 0.012451 , 0.000000 , 42112, 0.140727 
C, mergesort_25000.sh, 25000, 3.064453 , 1.253357 , 0.015076 , 0.000000 , 39572, 0.155514 
C, mergesort_50000.sh, 50000, 3.790710 , 1.577209 , 0.015686 , 0.000000 , 44272, 0.190361 
C, oddevensort_25000.sh, 25000, 2.027832 , 0.798645 , 0.011047 , 0.000000 , 38456, 0.105831 
C, oddevensort_50000.sh, 50000, 3.498718 , 1.420410 , 0.016235 , 0.000000 , 43396, 0.178164 
C, quicksort_25000.sh, 25000, 2.978088 , 1.225708 , 0.016907 , 0.000000 , 38196, 0.150906 
C, quicksort_50000.sh, 50000, 3.445679 , 1.426331 , 0.015869 , 0.000000 , 43140, 0.173338 
C, selectionsort_25000.sh, 25000, 2.013550 , 0.818420 , 0.016357 , 0.000000 , 37948, 0.101511 
C, selectionsort_50000.sh, 50000, 2.879395 , 1.153748 , 0.014648 , 0.000000 , 42744, 0.148516 
C++, bubblesort_25000.sh, 25000, 10.904846 , 4.571777 , 0.031494 , 0.000000 , 85816, 0.547523 
C++, bubblesort_50000.sh, 50000, 12.693420 , 5.304749 , 0.026489 , 0.000000 , 100096, 0.641882 
C++, cyclesort_25000.sh, 25000, 10.971741 , 4.613953 , 0.020813 , 0.000000 , 85800, 0.550176 
C++, cyclesort_50000.sh, 50000, 12.158447 , 5.113403 , 0.026306 , 0.000000 , 99596, 0.612095 
C++, heapsort_25000.sh, 25000, 10.637451 , 4.495850 , 0.016907 , 0.000000 , 85856, 0.534996 
C++, heapsort_50000.sh, 50000, 12.766418 , 5.352112 , 0.018250 , 0.000000 , 98348, 0.64449 
C++, insertionsort_25000.sh, 25000, 10.697693 , 4.494202 , 0.019714 , 0.000000 , 85224, 0.540474 
C++, insertionsort_50000.sh, 50000, 11.771301 , 4.939331 , 0.028931 , 0.000000 , 98172, 0.594262 
C++, mergesort_25000.sh, 25000, 11.778625 , 4.948792 , 0.017944 , 0.000000 , 87432, 0.594619 
C++, mergesort_50000.sh, 50000, 13.547913 , 5.663452 , 0.029846 , 0.000000 , 100820, 0.684102 
C++, oddevensort_25000.sh, 25000, 10.837830 , 4.566895 , 0.019531 , 0.000000 , 86436, 0.544931 
C++, oddevensort_50000.sh, 50000, 11.675415 , 4.902161 , 0.017883 , 0.000000 , 99708, 0.588087 
C++, quicksort_25000.sh, 25000, 11.156677 , 4.713745 , 0.016724 , 0.000000 , 85572, 0.560854 
C++, quicksort_50000.sh, 50000, 12.779419 , 5.350098 , 0.025146 , 0.000000 , 97400, 0.644523 
C++, selectionsort_25000.sh, 25000, 11.063171 , 4.590576 , 0.028381 , 0.000000 , 85704, 0.562229 
C++, selectionsort_50000.sh, 50000, 11.942871 , 5.037964 , 0.020996 , 0.000000 , 97996, 0.599535 
C#, bubblesort_25000.sh, 25000, 12.133606 , 5.140686 , 0.014893 , 0.000000 , 65216, 0.609456 
C#, bubblesort_50000.sh, 50000, 13.383972 , 5.638611 , 0.010925 , 0.000000 , 67952, 0.675884 
C#, cyclesort_25000.sh, 25000, 12.609070 , 5.341064 , 0.010681 , 0.000000 , 63156, 0.634571 
C#, cyclesort_50000.sh, 50000, 13.143982 , 5.531067 , 0.015381 , 0.000000 , 71500, 0.663955 
C#, heapsort_25000.sh, 25000, 12.236938 , 5.132324 , 0.023865 , 0.000000 , 61292, 0.61794 
C#, heapsort_50000.sh, 50000, 12.989746 , 5.466248 , 0.019043 , 0.000000 , 69652, 0.656572 
C#, insertionsort_25000.sh, 25000, 12.637085 , 5.359009 , 0.011047 , 0.000000 , 67284, 0.634664 
C#, insertionsort_50000.sh, 50000, 13.391724 , 5.683105 , 0.010193 , 0.000000 , 67780, 0.672765 
C#, mergesort_25000.sh, 25000, 12.130920 , 5.108643 , 0.020752 , 0.000000 , 67512, 0.610275 
C#, mergesort_50000.sh, 50000, 13.384583 , 5.649048 , 0.013733 , 0.000000 , 70016, 0.674678 
C#, oddevensort_25000.sh, 25000, 12.812500 , 5.371033 , 0.021912 , 0.000000 , 67304, 0.646682 
C#, oddevensort_50000.sh, 50000, 12.958679 , 5.443420 , 0.015747 , 0.000000 , 65664, 0.654432 
C#, quicksort_25000.sh, 25000, 12.138489 , 5.136719 , 0.009644 , 0.000000 , 63304, 0.612477 
C#, quicksort_50000.sh, 50000, 13.369812 , 5.633301 , 0.010925 , 0.000000 , 67780, 0.676567 
C#, selectionsort_25000.sh, 25000, 12.727173 , 5.379822 , 0.014587 , 0.000000 , 65428, 0.641287 
C#, selectionsort_50000.sh, 50000, 13.378479 , 5.651306 , 0.022949 , 0.000000 , 67396, 0.67285 
Go, bubblesort_25000.sh, 25000, 3.333191 , 1.186340 , 0.010742 , 0.000000 , 55096, 0.185023 
Go, bubblesort_50000.sh, 50000, 3.775818 , 1.455017 , 0.008301 , 0.000000 , 55200, 0.201676 
Go, cyclesort_25000.sh, 25000, 3.255798 , 1.214233 , 0.008118 , 0.000000 , 54940, 0.175996 
Go, cyclesort_50000.sh, 50000, 3.629944 , 1.243042 , 0.014832 , 0.000000 , 57104, 0.204799 
Go, heapsort_25000.sh, 25000, 3.648804 , 1.461365 , 0.013000 , 0.000000 , 56516, 0.186036 
Go, heapsort_50000.sh, 50000, 3.681213 , 1.276917 , 0.008179 , 0.000000 , 54628, 0.208824 
Go, insertionsort_25000.sh, 25000, 3.637329 , 1.371887 , 0.008484 , 0.000000 , 56780, 0.194662 
Go, insertionsort_50000.sh, 50000, 4.075134 , 1.496155 , 0.008179 , 0.000000 , 56968, 0.223208 
Go, mergesort_25000.sh, 25000, 3.007629 , 1.207275 , 0.008423 , 0.000000 , 56664, 0.15509 
Go, mergesort_50000.sh, 50000, 3.770752 , 1.425476 , 0.009827 , 0.000000 , 54988, 0.201924 
Go, oddevensort_25000.sh, 25000, 3.440857 , 1.374512 , 0.007507 , 0.000000 , 58828, 0.178154 
Go, oddevensort_50000.sh, 50000, 3.865173 , 1.432800 , 0.007385 , 0.000000 , 55216, 0.209495 
Go, quicksort_25000.sh, 25000, 3.567139 , 1.439087 , 0.008362 , 0.000000 , 57148, 0.182517 
Go, quicksort_50000.sh, 50000, 3.690735 , 1.356445 , 0.020874 , 0.000000 , 56588, 0.200255 
Go, selectionsort_25000.sh, 25000, 3.356873 , 1.359985 , 0.015259 , 0.000000 , 54816, 0.170902 
Go, selectionsort_50000.sh, 50000, 3.214661 , 1.148071 , 0.008484 , 0.000000 , 55300, 0.177455 
Haskell, bubblesort_25000.sh, 25000, 283.460144 , 117.539185 , 0.128723 , 0.000000 , 603448, 14.2495 
Haskell, bubblesort_50000.sh, 50000, 575.066589 , 238.543152 , 0.236694 , 0.000000 , 1067040, 28.8959 
Haskell, cyclesort_25000.sh, 25000, 539.890320 , 223.645996 , 0.193420 , 0.000000 , 699356, 27.1434 
Haskell, cyclesort_50000.sh, 50000, 1096.074036 , 453.552307 , 0.414673 , 0.000000 , 1306728, 55.0912 
Haskell, heapsort_25000.sh, 25000, 288.536560 , 119.574463 , 0.136353 , 0.000000 , 631980, 14.5012 
Haskell, heapsort_50000.sh, 50000, 571.684998 , 236.792480 , 0.245117 , 0.000000 , 1098512, 28.7323 
Haskell, insertionsort_25000.sh, 25000, 283.017212 , 117.100037 , 0.147095 , 0.000000 , 668272, 14.2291 
Haskell, insertionsort_50000.sh, 50000, 572.174377 , 237.136414 , 0.237488 , 0.000000 , 1137272, 28.7415 
Haskell, mergesort_25000.sh, 25000, 288.900269 , 119.606567 , 0.127075 , 0.000000 , 687584, 14.528 
Haskell, mergesort_50000.sh, 50000, 563.652710 , 233.135925 , 0.236267 , 0.000000 , 1052656, 28.3295 
Haskell, oddevensort_25000.sh, 25000, 268.971680 , 111.404785 , 0.136902 , 0.000000 , 671948, 13.5153 
Haskell, oddevensort_50000.sh, 50000, 541.727173 , 224.427063 , 0.232117 , 0.000000 , 1115612, 27.22 
Haskell, quicksort_25000.sh, 25000, 279.273865 , 115.676941 , 0.149658 , 0.000000 , 607960, 14.0344 
Haskell, quicksort_50000.sh, 50000, 566.414795 , 234.653687 , 0.223816 , 0.000000 , 1002520, 28.4755 
Haskell, selectionsort_25000.sh, 25000, 301.666321 , 124.904419 , 0.147888 , 0.000000 , 684048, 15.1588 
Haskell, selectionsort_50000.sh, 50000, 597.267334 , 247.295593 , 0.242004 , 0.000000 , 1189612, 30.0191 
Rust, bubblesort_25000.sh, 25000, 212.558411 , 89.116455 , 0.106262 , 0.000000 , 1083296, 10.687 
Rust, bubblesort_50000.sh, 50000, 449.788147 , 188.770325 , 0.200073 , 0.000000 , 2175332, 22.6048 
Rust, cyclesort_25000.sh, 25000, 212.667419 , 89.218750 , 0.102905 , 0.000000 , 1087420, 10.6876 
Rust, cyclesort_50000.sh, 50000, 439.519226 , 184.429810 , 0.189087 , 0.000000 , 2177844, 22.0829 
Rust, heapsort_25000.sh, 25000, 214.799255 , 90.134033 , 0.108276 , 0.000000 , 1077304, 10.7947 
Rust, heapsort_50000.sh, 50000, 437.624207 , 183.772400 , 0.182068 , 0.000000 , 2169228, 21.9844 
Rust, insertionsort_25000.sh, 25000, 211.439453 , 88.767578 , 0.104431 , 0.000000 , 1081192, 10.6198 
Rust, insertionsort_50000.sh, 50000, 458.323792 , 192.541077 , 0.199219 , 0.000000 , 2179452, 23.0251 
Rust, mergesort_25000.sh, 25000, 217.583252 , 91.411072 , 0.095947 , 0.000000 , 1101224, 10.9335 
Rust, mergesort_50000.sh, 50000, 428.834717 , 179.808777 , 0.180115 , 0.000000 , 2197928, 21.5519 
Rust, oddevensort_25000.sh, 25000, 216.776306 , 90.914551 , 0.106689 , 0.000000 , 1088268, 10.8955 
Rust, oddevensort_50000.sh, 50000, 450.695312 , 188.925842 , 0.200134 , 0.000000 , 2169556, 22.641 
Rust, quicksort_25000.sh, 25000, 207.483643 , 87.066406 , 0.101318 , 0.000000 , 1091712, 10.4293 
Rust, quicksort_50000.sh, 50000, 447.994080 , 188.239319 , 0.186279 , 0.000000 , 2183408, 22.5061 
Rust, selectionsort_25000.sh, 25000, 222.402466 , 93.406921 , 0.106384 , 0.000000 , 1083608, 11.174 
Rust, selectionsort_50000.sh, 50000, 466.648254 , 195.741638 , 0.192200 , 0.000000 , 2170728, 23.4508 
Swift, bubblesort_25000.sh, 25000, 327.865112 , 139.200073 , 0.123596 , 0.000000 , 144308, 16.4691 
Swift, bubblesort_50000.sh, 50000, 1170.868530 , 498.032776 , 0.405457 , 0.000000 , 214652, 58.8361 
Swift, cyclesort_25000.sh, 25000, 339.858826 , 144.114746 , 0.130005 , 0.000000 , 143340, 17.0984 
Swift, cyclesort_50000.sh, 50000, 1136.884705 , 483.802124 , 0.410339 , 0.000000 , 214156, 57.1302 
Swift, heapsort_25000.sh, 25000, 348.454651 , 147.838196 , 0.135925 , 0.000000 , 147500, 17.5222 
Swift, heapsort_50000.sh, 50000, 1227.768005 , 521.623413 , 0.447449 , 0.000000 , 218076, 61.7051 
Swift, insertionsort_25000.sh, 25000, 338.182983 , 143.546143 , 0.145752 , 0.000000 , 144392, 17.0013 
Swift, insertionsort_50000.sh, 50000, 1170.603088 , 497.787598 , 0.414307 , 0.000000 , 214660, 58.8348 
Swift, mergesort_25000.sh, 25000, 348.357605 , 147.910828 , 0.137512 , 0.000000 , 145528, 17.509 
Swift, mergesort_50000.sh, 50000, 1243.607727 , 528.341370 , 0.401123 , 0.000000 , 216204, 62.4849 
Swift, oddevensort_25000.sh, 25000, 323.441833 , 137.267456 , 0.138550 , 0.000000 , 144036, 16.2593 
Swift, oddevensort_50000.sh, 50000, 6.616516 , 2.739502 , 0.010681 , 0.000000 , 83144, 0.336807 
Swift, quicksort_25000.sh, 25000, 357.076660 , 151.621094 , 0.127380 , 0.000000 , 145308, 17.9547 
Swift, quicksort_50000.sh, 50000, 1190.600281 , 506.177368 , 0.420044 , 0.000000 , 215648, 59.8182 
Swift, selectionsort_25000.sh, 25000, 337.103577 , 143.291748 , 0.112000 , 0.000000 , 144308, 16.9435 
Swift, selectionsort_50000.sh, 50000, 1131.512817 , 480.978027 , 0.403992 , 0.000000 , 214992, 56.8541 
C, bubblesort_50000.sh, 50000, 2.850281 , 1.110901 , 0.019531 , 0.000000 , 42884, 0.150356 
C, cyclesort_50000.sh, 50000, 3.391785 , 1.405823 , 0.014587 , 0.000000 , 43452, 0.171931 
C, heapsort_50000.sh, 50000, 3.572876 , 1.407837 , 0.015320 , 0.000000 , 42680, 0.186538 
C, insertionsort_50000.sh, 50000, 2.805908 , 1.157898 , 0.012695 , 0.000000 , 42112, 0.141276 
C, mergesort_50000.sh, 50000, 3.527344 , 1.479553 , 0.014587 , 0.000000 , 44180, 0.176791 
C, oddevensort_50000.sh, 50000, 3.523682 , 1.423401 , 0.019897 , 0.000000 , 43520, 0.181133 
C, quicksort_50000.sh, 50000, 3.687134 , 1.487854 , 0.012390 , 0.000000 , 42940, 0.191004 
C, selectionsort_50000.sh, 50000, 2.737488 , 1.152161 , 0.013855 , 0.000000 , 42752, 0.137096 
C++, bubblesort_50000.sh, 50000, 12.483826 , 5.284729 , 0.020752 , 0.000000 , 100064, 0.625625 
C++, cyclesort_50000.sh, 50000, 11.998352 , 5.058716 , 0.019531 , 0.000000 , 98032, 0.604304 
C++, heapsort_50000.sh, 50000, 12.579041 , 5.261536 , 0.020325 , 0.000000 , 98392, 0.635623 
C++, insertionsort_50000.sh, 50000, 11.838928 , 4.977173 , 0.016846 , 0.000000 , 98572, 0.597391 
C++, mergesort_50000.sh, 50000, 13.547363 , 5.665894 , 0.026611 , 0.000000 , 100488, 0.683905 
C++, oddevensort_50000.sh, 50000, 11.782410 , 4.942383 , 0.019287 , 0.000000 , 99724, 0.59477 
C++, quicksort_50000.sh, 50000, 12.055176 , 5.054871 , 0.017944 , 0.000000 , 98624, 0.608351 
C++, selectionsort_50000.sh, 50000, 12.207642 , 5.133301 , 0.028503 , 0.000000 , 98064, 0.613713 
C#, bubblesort_50000.sh, 50000, 13.460632 , 5.662781 , 0.013428 , 0.000000 , 67572, 0.680098 
C#, cyclesort_50000.sh, 50000, 12.729797 , 5.375244 , 0.008301 , 0.000000 , 67464, 0.644162 
C#, heapsort_50000.sh, 50000, 13.426941 , 5.659729 , 0.022827 , 0.000000 , 67400, 0.675674 
C#, insertionsort_50000.sh, 50000, 13.364685 , 5.670044 , 0.015564 , 0.000000 , 65720, 0.671321 
C#, mergesort_50000.sh, 50000, 12.922485 , 5.458313 , 0.010376 , 0.000000 , 67740, 0.651521 
C#, oddevensort_50000.sh, 50000, 13.185181 , 5.538269 , 0.022461 , 0.000000 , 69712, 0.664374 
C#, quicksort_50000.sh, 50000, 13.413818 , 5.680420 , 0.015442 , 0.000000 , 67728, 0.673559 
C#, selectionsort_50000.sh, 50000, 12.824585 , 5.447266 , 0.011169 , 0.000000 , 67524, 0.644799 
Go, bubblesort_50000.sh, 50000, 3.374023 , 1.316284 , 0.012207 , 0.000000 , 56956, 0.175215 
Go, cyclesort_50000.sh, 50000, 3.592041 , 1.434937 , 0.008118 , 0.000000 , 56220, 0.186364 
Go, heapsort_50000.sh, 50000, 3.387207 , 1.336731 , 0.010498 , 0.000000 , 57032, 0.175724 
Go, insertionsort_50000.sh, 50000, 3.207947 , 1.253906 , 0.008240 , 0.000000 , 55392, 0.169767 
Go, mergesort_50000.sh, 50000, 3.430115 , 1.363770 , 0.009460 , 0.000000 , 56940, 0.178163 
Go, oddevensort_50000.sh, 50000, 3.646545 , 1.475220 , 0.014893 , 0.000000 , 56084, 0.186124 
Go, quicksort_50000.sh, 50000, 3.479797 , 1.302795 , 0.008240 , 0.000000 , 56932, 0.188051 
Go, selectionsort_50000.sh, 50000, 3.267639 , 1.234497 , 0.012207 , 0.000000 , 57336, 0.173354 
Haskell, bubblesort_50000.sh, 50000, 571.815186 , 236.773682 , 0.228638 , 0.000000 , 1108280, 28.7705 
Haskell, cyclesort_50000.sh, 50000, 1098.766296 , 455.113892 , 0.406372 , 0.000000 , 1308248, 55.2191 
Haskell, heapsort_50000.sh, 50000, 569.250916 , 235.875916 , 0.259399 , 0.000000 , 1118464, 28.6105 
Haskell, insertionsort_50000.sh, 50000, 558.725891 , 231.249634 , 0.229126 , 0.000000 , 1091136, 28.0824 
Haskell, mergesort_50000.sh, 50000, 565.524231 , 234.059937 , 0.244446 , 0.000000 , 1062000, 28.422 
Haskell, oddevensort_50000.sh, 50000, 521.036438 , 215.555298 , 0.210327 , 0.000000 , 990332, 26.1863 
Haskell, quicksort_50000.sh, 50000, 557.870544 , 231.014221 , 0.220215 , 0.000000 , 1074420, 28.0391 
Haskell, selectionsort_50000.sh, 50000, 585.352783 , 242.491455 , 0.250183 , 0.000000 , 1066468, 29.4152 
Rust, bubblesort_50000.sh, 50000, 442.804626 , 185.766296 , 0.197998 , 0.000000 , 2168492, 22.2451 
Rust, cyclesort_50000.sh, 50000, 446.493530 , 187.222412 , 0.197449 , 0.000000 , 2178736, 22.4365 
Rust, heapsort_50000.sh, 50000, 433.062927 , 181.786072 , 0.190002 , 0.000000 , 2170144, 21.7522 
Rust, insertionsort_50000.sh, 50000, 441.557922 , 185.205261 , 0.189514 , 0.000000 , 2176820, 22.1852 
Rust, mergesort_50000.sh, 50000, 450.301086 , 188.840271 , 0.196899 , 0.000000 , 2205396, 22.6287 
Rust, oddevensort_50000.sh, 50000, 448.342163 , 187.995239 , 0.197998 , 0.000000 , 2166748, 22.5241 
Rust, quicksort_50000.sh, 50000, 449.944580 , 188.695374 , 0.198730 , 0.000000 , 2190212, 22.6124 
Rust, selectionsort_50000.sh, 50000, 441.981384 , 185.293640 , 0.192261 , 0.000000 , 2165060, 22.2087 
Swift, bubblesort_50000.sh, 50000, 1144.773193 , 486.699951 , 0.373718 , 0.000000 , 216132, 57.5015 
Swift, cyclesort_50000.sh, 50000, 1155.329773 , 490.899658 , 0.379883 , 0.000000 , 217944, 58.0451 
Swift, heapsort_50000.sh, 50000, 1228.270508 , 522.554260 , 0.403809 , 0.000000 , 227140, 61.7247 
Swift, insertionsort_50000.sh, 50000, 1168.384155 , 497.364685 , 0.393494 , 0.000000 , 235796, 58.7043 
Swift, mergesort_50000.sh, 50000, 1199.034790 , 509.465698 , 0.421509 , 0.000000 , 237116, 60.2477 
Swift, oddevensort_50000.sh, 50000, 5.967468 , 2.453491 , 0.009399 , 0.000000 , 99868, 0.305898 
Swift, quicksort_50000.sh, 50000, 1191.707153 , 507.235046 , 0.383423 , 0.000000 , 236616, 59.8528 
Swift, selectionsort_50000.sh, 50000, 1171.212524 , 498.475708 , 0.375977 , 0.000000 , 236960, 58.8406 
C, bubblesort_50000.sh, 50000, 2.740662 , 1.051086 , 0.015320 , 0.000000 , 43012, 0.145875 
C, cyclesort_50000.sh, 50000, 3.531616 , 1.470825 , 0.015320 , 0.000000 , 43236, 0.177524 
C, heapsort_50000.sh, 50000, 3.568237 , 1.441406 , 0.016479 , 0.000000 , 42752, 0.184113 
C, insertionsort_50000.sh, 50000, 2.767578 , 1.148499 , 0.014282 , 0.000000 , 42240, 0.140205 
C, mergesort_50000.sh, 50000, 3.565674 , 1.477051 , 0.019775 , 0.000000 , 44396, 0.180177 
C, oddevensort_50000.sh, 50000, 3.492249 , 1.419983 , 0.014465 , 0.000000 , 43392, 0.178632 
C, quicksort_50000.sh, 50000, 3.740906 , 1.545044 , 0.015320 , 0.000000 , 43264, 0.190007 
C, selectionsort_50000.sh, 50000, 2.731567 , 1.125061 , 0.013245 , 0.000000 , 42748, 0.139063 
C++, bubblesort_50000.sh, 50000, 12.272095 , 5.142517 , 0.030518 , 0.000000 , 99200, 0.616869 
C++, cyclesort_50000.sh, 50000, 11.949585 , 5.063293 , 0.017761 , 0.000000 , 99596, 0.599925 
C++, heapsort_50000.sh, 50000, 11.774231 , 4.938660 , 0.023254 , 0.000000 , 98948, 0.593663 
C++, insertionsort_50000.sh, 50000, 12.336426 , 5.188843 , 0.023010 , 0.000000 , 99236, 0.620889 
C++, mergesort_50000.sh, 50000, 12.722961 , 5.343567 , 0.017883 , 0.000000 , 101588, 0.641029 
C++, oddevensort_50000.sh, 50000, 12.498901 , 5.258362 , 0.027588 , 0.000000 , 97920, 0.629632 
C++, quicksort_50000.sh, 50000, 11.985046 , 5.017029 , 0.018738 , 0.000000 , 99456, 0.606942 
C++, selectionsort_50000.sh, 50000, 12.114624 , 5.089355 , 0.018677 , 0.000000 , 99004, 0.610072 
C#, bubblesort_50000.sh, 50000, 12.820190 , 5.421631 , 0.018250 , 0.000000 , 69936, 0.643254 
C#, cyclesort_50000.sh, 50000, 13.326904 , 5.601685 , 0.010864 , 0.000000 , 67328, 0.675849 
C#, heapsort_50000.sh, 50000, 12.914673 , 5.434875 , 0.014832 , 0.000000 , 67576, 0.652735 
C#, insertionsort_50000.sh, 50000, 13.080322 , 5.537415 , 0.021301 , 0.000000 , 69620, 0.656809 
C#, mergesort_50000.sh, 50000, 13.591675 , 5.745117 , 0.014526 , 0.000000 , 67860, 0.683074 
C#, oddevensort_50000.sh, 50000, 13.054626 , 5.534424 , 0.013916 , 0.000000 , 67612, 0.655808 
C#, quicksort_50000.sh, 50000, 13.068542 , 5.497437 , 0.020325 , 0.000000 , 69640, 0.658184 
C#, selectionsort_50000.sh, 50000, 13.380676 , 5.634583 , 0.016235 , 0.000000 , 63876, 0.674241 
Go, bubblesort_50000.sh, 50000, 3.667969 , 1.351196 , 0.010132 , 0.000000 , 57036, 0.198655 
Go, cyclesort_50000.sh, 50000, 3.036682 , 1.209839 , 0.008179 , 0.000000 , 56836, 0.158682 
Go, heapsort_50000.sh, 50000, 3.456482 , 1.327759 , 0.009583 , 0.000000 , 56752, 0.182625 
Go, insertionsort_50000.sh, 50000, 3.610352 , 1.466248 , 0.008057 , 0.000000 , 57148, 0.185286 
Go, mergesort_50000.sh, 50000, 3.308350 , 1.292969 , 0.012390 , 0.000000 , 57352, 0.172571 
Go, oddevensort_50000.sh, 50000, 3.311340 , 1.251404 , 0.009888 , 0.000000 , 57700, 0.17688 
Go, quicksort_50000.sh, 50000, 3.560852 , 1.385925 , 0.008423 , 0.000000 , 56892, 0.186561 
Go, selectionsort_50000.sh, 50000, 3.682434 , 1.402588 , 0.009766 , 0.000000 , 58976, 0.1959 
Haskell, bubblesort_50000.sh, 50000, 555.720825 , 230.208191 , 0.228760 , 0.000000 , 1106264, 27.9386 
Haskell, cyclesort_50000.sh, 50000, 1093.763977 , 452.989807 , 0.420166 , 0.000000 , 1117328, 54.9638 
Haskell, heapsort_50000.sh, 50000, 564.050293 , 233.530273 , 0.224915 , 0.000000 , 993524, 28.3552 
Haskell, insertionsort_50000.sh, 50000, 571.609741 , 236.626953 , 0.242615 , 0.000000 , 1121568, 28.7288 
Haskell, mergesort_50000.sh, 50000, 571.866882 , 236.928528 , 0.237671 , 0.000000 , 1096056, 28.7406 
Haskell, oddevensort_50000.sh, 50000, 532.043518 , 220.327698 , 0.245728 , 0.000000 , 1180060, 26.7359 
Haskell, quicksort_50000.sh, 50000, 560.841492 , 232.364807 , 0.220337 , 0.000000 , 1107820, 28.1868 
Haskell, selectionsort_50000.sh, 50000, 601.183105 , 249.071411 , 0.246948 , 0.000000 , 1178992, 30.2171 
Rust, bubblesort_50000.sh, 50000, 459.930786 , 193.049072 , 0.205688 , 0.000000 , 2171520, 23.1062 
Rust, cyclesort_50000.sh, 50000, 461.217773 , 193.680847 , 0.194946 , 0.000000 , 2175664, 23.1633 
Rust, heapsort_50000.sh, 50000, 434.217590 , 182.236877 , 0.184875 , 0.000000 , 2171108, 21.8105 
Rust, insertionsort_50000.sh, 50000, 434.582153 , 182.196106 , 0.196472 , 0.000000 , 2165228, 21.8381 
Rust, mergesort_50000.sh, 50000, 450.156067 , 188.873718 , 0.195190 , 0.000000 , 2201484, 22.6091 
Rust, oddevensort_50000.sh, 50000, 443.107178 , 185.736816 , 0.184875 , 0.000000 , 2167288, 22.2608 
Rust, quicksort_50000.sh, 50000, 449.526917 , 188.582886 , 0.202637 , 0.000000 , 2185320, 22.5912 
Rust, selectionsort_50000.sh, 50000, 446.955505 , 187.566223 , 0.194885 , 0.000000 , 2172164, 22.4495 
Swift, bubblesort_50000.sh, 50000, 1172.488037 , 498.208801 , 0.419434 , 0.000000 , 236656, 58.918 
Swift, cyclesort_50000.sh, 50000, 1128.100586 , 480.353577 , 0.372375 , 0.000000 , 236672, 56.6747 
Swift, heapsort_50000.sh, 50000, 1203.306641 , 511.069092 , 0.412048 , 0.000000 , 239964, 60.4652 
Swift, insertionsort_50000.sh, 50000, 1145.543396 , 486.773071 , 0.408203 , 0.000000 , 236960, 57.5492 
Swift, mergesort_50000.sh, 50000, 1222.402527 , 518.409180 , 0.434814 , 0.000000 , 237936, 61.4424 
Swift, oddevensort_50000.sh, 50000, 6.023560 , 2.474182 , 0.012146 , 0.000000 , 98548, 0.309746 
Swift, quicksort_50000.sh, 50000, 1190.245361 , 506.076416 , 0.428162 , 0.000000 , 237872, 59.8245 
Swift, selectionsort_50000.sh, 50000, 1170.886475 , 497.631714 , 0.421570 , 0.000000 , 237012, 58.8156 
C, bubblesort_50000.sh, 50000, 2.801514 , 1.107361 , 0.014587 , 0.000000 , 43008, 0.147168 
C, cyclesort_50000.sh, 50000, 3.598694 , 1.505432 , 0.015381 , 0.000000 , 43324, 0.180895 
C, heapsort_50000.sh, 50000, 3.569275 , 1.474670 , 0.016296 , 0.000000 , 42916, 0.181313 
C, insertionsort_50000.sh, 50000, 2.685120 , 1.112061 , 0.015503 , 0.000000 , 41988, 0.136246 
C, mergesort_50000.sh, 50000, 3.758789 , 1.571716 , 0.014343 , 0.000000 , 44552, 0.188309 
C, oddevensort_50000.sh, 50000, 3.558777 , 1.435608 , 0.015137 , 0.000000 , 43528, 0.184241 
C, quicksort_50000.sh, 50000, 3.685120 , 1.509338 , 0.014465 , 0.000000 , 43168, 0.187252 
C, selectionsort_50000.sh, 50000, 2.781860 , 1.102478 , 0.019653 , 0.000000 , 42628, 0.145418 
C++, bubblesort_50000.sh, 50000, 12.275757 , 5.204895 , 0.019653 , 0.000000 , 98676, 0.616686 
C++, cyclesort_50000.sh, 50000, 12.175171 , 5.136597 , 0.020081 , 0.000000 , 98280, 0.612914 
C++, heapsort_50000.sh, 50000, 11.922668 , 5.035889 , 0.020935 , 0.000000 , 98940, 0.600392 
C++, insertionsort_50000.sh, 50000, 12.154297 , 5.114441 , 0.026917 , 0.000000 , 98180, 0.611605 
C++, mergesort_50000.sh, 50000, 12.736389 , 5.364136 , 0.017700 , 0.000000 , 100572, 0.641741 
C++, oddevensort_50000.sh, 50000, 12.553711 , 5.308105 , 0.016968 , 0.000000 , 98572, 0.630417 
C++, quicksort_50000.sh, 50000, 11.614075 , 4.880615 , 0.021729 , 0.000000 , 98740, 0.585905 
C++, selectionsort_50000.sh, 50000, 11.743591 , 4.918030 , 0.023560 , 0.000000 , 99136, 0.593187 
C#, bubblesort_50000.sh, 50000, 12.933411 , 5.477905 , 0.010620 , 0.000000 , 69836, 0.652556 
C#, cyclesort_50000.sh, 50000, 13.285400 , 5.645386 , 0.014221 , 0.000000 , 67624, 0.667112 
C#, heapsort_50000.sh, 50000, 12.904907 , 5.405396 , 0.018005 , 0.000000 , 69464, 0.653438 
C#, insertionsort_50000.sh, 50000, 13.312866 , 5.635803 , 0.009827 , 0.000000 , 67524, 0.669251 
C#, mergesort_50000.sh, 50000, 13.210388 , 5.563293 , 0.014832 , 0.000000 , 73860, 0.666856 
C#, oddevensort_50000.sh, 50000, 12.871765 , 5.446899 , 0.018616 , 0.000000 , 67648, 0.645715 
C#, quicksort_50000.sh, 50000, 13.439148 , 5.700317 , 0.010559 , 0.000000 , 67504, 0.675972 
C#, selectionsort_50000.sh, 50000, 13.188293 , 5.566223 , 0.014587 , 0.000000 , 67508, 0.664624 
Go, bubblesort_50000.sh, 50000, 3.214783 , 1.175354 , 0.010864 , 0.000000 , 57036, 0.174216 
Go, cyclesort_50000.sh, 50000, 3.435425 , 1.385559 , 0.008728 , 0.000000 , 57488, 0.175438 
Go, heapsort_50000.sh, 50000, 3.776245 , 1.477539 , 0.014343 , 0.000000 , 58500, 0.196915 
Go, insertionsort_50000.sh, 50000, 3.356079 , 1.289429 , 0.008423 , 0.000000 , 55076, 0.177756 
Go, mergesort_50000.sh, 50000, 3.255371 , 1.246887 , 0.008240 , 0.000000 , 56264, 0.172643 
Go, oddevensort_50000.sh, 50000, 3.466614 , 1.424561 , 0.008301 , 0.000000 , 56580, 0.175994 
Go, quicksort_50000.sh, 50000, 3.508301 , 1.438721 , 0.007751 , 0.000000 , 55276, 0.177121 
Go, selectionsort_50000.sh, 50000, 3.165710 , 1.193848 , 0.014221 , 0.000000 , 57356, 0.168816 
Haskell, bubblesort_50000.sh, 50000, 560.974304 , 232.767334 , 0.210876 , 0.000000 , 1022048, 28.1867 
Haskell, cyclesort_50000.sh, 50000, 1087.172546 , 449.962952 , 0.395874 , 0.000000 , 1097104, 54.6434 
Haskell, heapsort_50000.sh, 50000, 565.934692 , 234.361145 , 0.245850 , 0.000000 , 1005316, 28.4527 
Haskell, insertionsort_50000.sh, 50000, 563.676025 , 233.469604 , 0.226196 , 0.000000 , 1139884, 28.3331 
Haskell, mergesort_50000.sh, 50000, 565.937378 , 234.216797 , 0.229370 , 0.000000 , 1139184, 28.4417 
Haskell, oddevensort_50000.sh, 50000, 537.289246 , 222.497559 , 0.206604 , 0.000000 , 1146568, 27.0066 
Haskell, quicksort_50000.sh, 50000, 571.818542 , 237.018677 , 0.217285 , 0.000000 , 1054908, 28.7519 
Haskell, selectionsort_50000.sh, 50000, 593.841003 , 245.839417 , 0.245117 , 0.000000 , 1126624, 29.844 
Rust, bubblesort_50000.sh, 50000, 438.638733 , 184.192383 , 0.175903 , 0.000000 , 2172008, 22.0296 
Rust, cyclesort_50000.sh, 50000, 440.925537 , 185.140381 , 0.191650 , 0.000000 , 2174364, 22.1492 
Rust, heapsort_50000.sh, 50000, 453.796814 , 190.544495 , 0.187866 , 0.000000 , 2177984, 22.7999 
Rust, insertionsort_50000.sh, 50000, 443.524841 , 186.283447 , 0.194519 , 0.000000 , 2171412, 22.279 
Rust, mergesort_50000.sh, 50000, 431.002869 , 180.881287 , 0.179749 , 0.000000 , 2197240, 21.6496 
Rust, oddevensort_50000.sh, 50000, 456.802734 , 191.721069 , 0.192139 , 0.000000 , 2172556, 22.9503 
Rust, quicksort_50000.sh, 50000, 436.424072 , 183.181580 , 0.182678 , 0.000000 , 2179504, 21.9217 
Rust, selectionsort_50000.sh, 50000, 446.490723 , 187.158630 , 0.192749 , 0.000000 , 2173020, 22.433 
Swift, bubblesort_50000.sh, 50000, 1175.481079 , 499.797302 , 0.385559 , 0.000000 , 236724, 59.0706 
Swift, cyclesort_50000.sh, 50000, 1161.589111 , 493.203735 , 0.425720 , 0.000000 , 236660, 58.3678 
Swift, heapsort_50000.sh, 50000, 1187.052551 , 504.670532 , 0.427551 , 0.000000 , 240144, 59.6392 
Swift, insertionsort_50000.sh, 50000, 1186.126526 , 503.855286 , 0.429626 , 0.000000 , 237012, 59.6056 
Swift, mergesort_50000.sh, 50000, 1239.446655 , 526.640747 , 0.420593 , 0.000000 , 238004, 62.2835 
Swift, oddevensort_50000.sh, 50000, 6.374146 , 2.582825 , 0.008850 , 0.000000 , 100704, 0.329814 
Swift, quicksort_50000.sh, 50000, 1213.368652 , 515.423523 , 0.411072 , 0.000000 , 237748, 60.9622 
Swift, selectionsort_50000.sh, 50000, 1146.795410 , 487.333069 , 0.366882 , 0.000000 , 237044, 57.6149 
C, bubblesort_50000.sh, 50000, 2.738098 , 1.112122 , 0.018921 , 0.000000 , 42880, 0.140006 
C, cyclesort_50000.sh, 50000, 3.696289 , 1.554504 , 0.015808 , 0.000000 , 43504, 0.184934 
C, heapsort_50000.sh, 50000, 3.517883 , 1.443970 , 0.011475 , 0.000000 , 42628, 0.17992 
C, insertionsort_50000.sh, 50000, 2.716370 , 1.127136 , 0.015808 , 0.000000 , 42112, 0.136982 
C, mergesort_50000.sh, 50000, 3.788025 , 1.589111 , 0.018188 , 0.000000 , 44264, 0.189872 
C, oddevensort_50000.sh, 50000, 3.525085 , 1.377075 , 0.011719 , 0.000000 , 43524, 0.185597 
C, quicksort_50000.sh, 50000, 3.509277 , 1.401978 , 0.017944 , 0.000000 , 43268, 0.181836 
C, selectionsort_50000.sh, 50000, 2.835876 , 1.166504 , 0.015869 , 0.000000 , 42748, 0.143736 
C++, bubblesort_50000.sh, 50000, 11.658081 , 4.909912 , 0.016602 , 0.000000 , 99320, 0.586345 
C++, cyclesort_50000.sh, 50000, 12.416138 , 5.215637 , 0.031372 , 0.000000 , 99364, 0.624783 
C++, heapsort_50000.sh, 50000, 12.292542 , 5.152588 , 0.029785 , 0.000000 , 98220, 0.62018 
C++, insertionsort_50000.sh, 50000, 12.063232 , 5.072266 , 0.017273 , 0.000000 , 97852, 0.607172 
C++, mergesort_50000.sh, 50000, 13.190186 , 5.543579 , 0.027100 , 0.000000 , 100572, 0.663713 
C++, oddevensort_50000.sh, 50000, 12.060730 , 5.081787 , 0.020081 , 0.000000 , 99212, 0.605012 
C++, quicksort_50000.sh, 50000, 12.028442 , 5.088074 , 0.016052 , 0.000000 , 97648, 0.605685 
C++, selectionsort_50000.sh, 50000, 12.366272 , 5.181335 , 0.030457 , 0.000000 , 98908, 0.621188 
C#, bubblesort_50000.sh, 50000, 12.780029 , 5.402771 , 0.012451 , 0.000000 , 69728, 0.644134 
C#, cyclesort_50000.sh, 50000, 13.375610 , 5.676025 , 0.010315 , 0.000000 , 63312, 0.671557 
C#, heapsort_50000.sh, 50000, 13.447266 , 5.664551 , 0.025574 , 0.000000 , 69608, 0.677521 
C#, insertionsort_50000.sh, 50000, 12.807739 , 5.393616 , 0.015015 , 0.000000 , 69864, 0.645618 
C#, mergesort_50000.sh, 50000, 13.312134 , 5.614563 , 0.010864 , 0.000000 , 67520, 0.671855 
C#, oddevensort_50000.sh, 50000, 13.359985 , 5.653625 , 0.024658 , 0.000000 , 67816, 0.671686 
C#, quicksort_50000.sh, 50000, 12.900085 , 5.437256 , 0.014282 , 0.000000 , 67740, 0.651469 
C#, selectionsort_50000.sh, 50000, 13.199402 , 5.597046 , 0.010376 , 0.000000 , 65736, 0.664021 
Go, bubblesort_50000.sh, 50000, 3.749939 , 1.451111 , 0.013794 , 0.000000 , 55448, 0.196886 
Go, cyclesort_50000.sh, 50000, 3.295776 , 1.243652 , 0.010254 , 0.000000 , 56180, 0.175175 
Go, heapsort_50000.sh, 50000, 3.164612 , 1.237366 , 0.008911 , 0.000000 , 55336, 0.165946 
Go, insertionsort_50000.sh, 50000, 3.583313 , 1.476257 , 0.008545 , 0.000000 , 55240, 0.180528 
Go, mergesort_50000.sh, 50000, 3.738159 , 1.348328 , 0.009460 , 0.000000 , 54736, 0.206163 
Go, oddevensort_50000.sh, 50000, 3.420288 , 1.190491 , 0.012146 , 0.000000 , 56992, 0.192398 
Go, quicksort_50000.sh, 50000, 3.131531 , 1.217712 , 0.008423 , 0.000000 , 57360, 0.165441 
Go, selectionsort_50000.sh, 50000, 3.645752 , 1.487366 , 0.009705 , 0.000000 , 56720, 0.186061 
Haskell, bubblesort_50000.sh, 50000, 559.317566 , 231.616577 , 0.227417 , 0.000000 , 1061148, 28.1166 
Haskell, cyclesort_50000.sh, 50000, 1102.846130 , 456.670227 , 0.432861 , 0.000000 , 1120064, 55.4381 
Haskell, heapsort_50000.sh, 50000, 573.857483 , 237.948792 , 0.238342 , 0.000000 , 1005616, 28.8395 
Haskell, insertionsort_50000.sh, 50000, 566.854675 , 234.669983 , 0.236145 , 0.000000 , 1138788, 28.4937 
Haskell, mergesort_50000.sh, 50000, 575.906006 , 238.756653 , 0.232788 , 0.000000 , 1057932, 28.9318 
Haskell, oddevensort_50000.sh, 50000, 532.495300 , 220.545715 , 0.227600 , 0.000000 , 1073500, 26.7586 
Haskell, quicksort_50000.sh, 50000, 561.807251 , 232.637390 , 0.244629 , 0.000000 , 1072248, 28.2488 
Haskell, selectionsort_50000.sh, 50000, 600.845215 , 248.821838 , 0.256165 , 0.000000 , 1021556, 30.2029 
Rust, bubblesort_50000.sh, 50000, 446.396606 , 187.139160 , 0.195435 , 0.000000 , 2168880, 22.4321 
Rust, cyclesort_50000.sh, 50000, 442.961243 , 185.813416 , 0.190796 , 0.000000 , 2177332, 22.252 
Rust, heapsort_50000.sh, 50000, 439.962585 , 184.655640 , 0.193665 , 0.000000 , 2165700, 22.1036 
Rust, insertionsort_50000.sh, 50000, 440.981262 , 184.971741 , 0.197693 , 0.000000 , 2181808, 22.1591 
Rust, mergesort_50000.sh, 50000, 448.929810 , 188.464355 , 0.189453 , 0.000000 , 2206272, 22.5484 
Rust, oddevensort_50000.sh, 50000, 466.133179 , 195.619812 , 0.204895 , 0.000000 , 2174064, 23.4193 
Rust, quicksort_50000.sh, 50000, 426.290100 , 178.867310 , 0.184204 , 0.000000 , 2191680, 21.4133 
Rust, selectionsort_50000.sh, 50000, 441.578796 , 185.210022 , 0.182556 , 0.000000 , 2178900, 22.1813 
Swift, bubblesort_50000.sh, 50000, 1137.778015 , 483.469971 , 0.386414 , 0.000000 , 236884, 57.1809 
Swift, cyclesort_50000.sh, 50000, 1173.236572 , 498.875183 , 0.398193 , 0.000000 , 236452, 58.962 
Swift, heapsort_50000.sh, 50000, 1234.755798 , 525.166199 , 0.394470 , 0.000000 , 239884, 62.0524 
Swift, insertionsort_50000.sh, 50000, 1147.829834 , 487.845093 , 0.412537 , 0.000000 , 237004, 57.659 
Swift, mergesort_50000.sh, 50000, 1171.729370 , 498.380432 , 0.423157 , 0.000000 , 237928, 58.8588 
Swift, oddevensort_50000.sh, 50000, 5.883423 , 2.385376 , 0.011536 , 0.000000 , 98596, 0.30387 
Swift, quicksort_50000.sh, 50000, 1226.351379 , 521.329407 , 0.437195 , 0.000000 , 237796, 61.6185 
Swift, selectionsort_50000.sh, 50000, 1136.985229 , 483.231812 , 0.375549 , 0.000000 , 236988, 57.1114 
C, bubblesort_50000.sh, 50000, 2.738098 , 1.112122 , 0.018921 , 0.000000 , 42880, 0.140006 
C, bubblesort_100000.sh, 100000, 4.596008 , 1.937378 , 0.020813 , 0.000000 , 51836, 0.23037 
C, cyclesort_50000.sh, 50000, 3.696289 , 1.554504 , 0.015808 , 0.000000 , 43504, 0.184934 
C, cyclesort_100000.sh, 100000, 4.962341 , 2.079102 , 0.018005 , 0.000000 , 52304, 0.250365 
C, heapsort_50000.sh, 50000, 3.517883 , 1.443970 , 0.011475 , 0.000000 , 42628, 0.17992 
C, heapsort_100000.sh, 100000, 4.868713 , 2.040161 , 0.017944 , 0.000000 , 51944, 0.245123 
C, insertionsort_50000.sh, 50000, 2.716370 , 1.127136 , 0.015808 , 0.000000 , 42112, 0.136982 
C, insertionsort_100000.sh, 100000, 4.536682 , 1.916260 , 0.017761 , 0.000000 , 51300, 0.226885 
C, mergesort_50000.sh, 50000, 3.788025 , 1.589111 , 0.018188 , 0.000000 , 44264, 0.189872 
C, mergesort_100000.sh, 100000, 5.427612 , 2.271606 , 0.019897 , 0.000000 , 53200, 0.273192 
C, oddevensort_50000.sh, 50000, 3.525085 , 1.377075 , 0.011719 , 0.000000 , 43524, 0.185597 
C, oddevensort_100000.sh, 100000, 4.937134 , 2.055176 , 0.015320 , 0.000000 , 52552, 0.249669 
C, quicksort_50000.sh, 50000, 3.509277 , 1.401978 , 0.017944 , 0.000000 , 43268, 0.181836 
C, quicksort_100000.sh, 100000, 5.365479 , 2.220093 , 0.017883 , 0.000000 , 52192, 0.271643 
C, selectionsort_50000.sh, 50000, 2.835876 , 1.166504 , 0.015869 , 0.000000 , 42748, 0.143736 
C, selectionsort_100000.sh, 100000, 5.074768 , 1.964539 , 0.014282 , 0.000000 , 51780, 0.269249 
C++, bubblesort_50000.sh, 50000, 11.658081 , 4.909912 , 0.016602 , 0.000000 , 99320, 0.586345 
C++, bubblesort_100000.sh, 100000, 14.655640 , 6.131226 , 0.028381 , 0.000000 , 113192, 0.740128 
C++, cyclesort_50000.sh, 50000, 12.416138 , 5.215637 , 0.031372 , 0.000000 , 99364, 0.624783 
C++, cyclesort_100000.sh, 100000, 14.884766 , 6.261047 , 0.024170 , 0.000000 , 113452, 0.750061 
C++, heapsort_50000.sh, 50000, 12.292542 , 5.152588 , 0.029785 , 0.000000 , 98220, 0.62018 
C++, heapsort_100000.sh, 100000, 14.866211 , 6.248413 , 0.031555 , 0.000000 , 113096, 0.748286 
C++, insertionsort_50000.sh, 50000, 12.063232 , 5.072266 , 0.017273 , 0.000000 , 97852, 0.607172 
C++, insertionsort_100000.sh, 100000, 14.508179 , 6.045349 , 0.023254 , 0.000000 , 113660, 0.734009 
C++, mergesort_50000.sh, 50000, 13.190186 , 5.543579 , 0.027100 , 0.000000 , 100572, 0.663713 
C++, mergesort_100000.sh, 100000, 15.908203 , 6.645325 , 0.018311 , 0.000000 , 118060, 0.805684 
C++, oddevensort_50000.sh, 50000, 12.060730 , 5.081787 , 0.020081 , 0.000000 , 99212, 0.605012 
C++, oddevensort_100000.sh, 100000, 14.798157 , 6.236755 , 0.026733 , 0.000000 , 116380, 0.744045 
C++, quicksort_50000.sh, 50000, 12.028442 , 5.088074 , 0.016052 , 0.000000 , 97648, 0.605685 
C++, quicksort_100000.sh, 100000, 14.787964 , 6.215149 , 0.027283 , 0.000000 , 116052, 0.743407 
C++, selectionsort_50000.sh, 50000, 12.366272 , 5.181335 , 0.030457 , 0.000000 , 98908, 0.621188 
C++, selectionsort_100000.sh, 100000, 14.698730 , 6.171631 , 0.017273 , 0.000000 , 115052, 0.741459 
C#, bubblesort_50000.sh, 50000, 12.780029 , 5.402771 , 0.012451 , 0.000000 , 69728, 0.644134 
C#, bubblesort_100000.sh, 100000, 14.460205 , 6.099182 , 0.014954 , 0.000000 , 67504, 0.727222 
C#, cyclesort_50000.sh, 50000, 13.375610 , 5.676025 , 0.010315 , 0.000000 , 63312, 0.671557 
C#, cyclesort_100000.sh, 100000, 14.617737 , 6.183167 , 0.021851 , 0.000000 , 71532, 0.735379 
C#, heapsort_50000.sh, 50000, 13.447266 , 5.664551 , 0.025574 , 0.000000 , 69608, 0.677521 
C#, heapsort_100000.sh, 100000, 14.558899 , 6.161438 , 0.020874 , 0.000000 , 73328, 0.730754 
C#, insertionsort_50000.sh, 50000, 12.807739 , 5.393616 , 0.015015 , 0.000000 , 69864, 0.645618 
C#, insertionsort_100000.sh, 100000, 14.284851 , 6.009277 , 0.017334 , 0.000000 , 73500, 0.721734 
C#, mergesort_50000.sh, 50000, 13.312134 , 5.614563 , 0.010864 , 0.000000 , 67520, 0.671855 
C#, mergesort_100000.sh, 100000, 14.348022 , 6.033325 , 0.011902 , 0.000000 , 75676, 0.72438 
C#, oddevensort_50000.sh, 50000, 13.359985 , 5.653625 , 0.024658 , 0.000000 , 67816, 0.671686 
C#, oddevensort_100000.sh, 100000, 14.579956 , 6.176758 , 0.012329 , 0.000000 , 73660, 0.732458 
C#, quicksort_50000.sh, 50000, 12.900085 , 5.437256 , 0.014282 , 0.000000 , 67740, 0.651469 
C#, quicksort_100000.sh, 100000, 14.537109 , 6.131775 , 0.023132 , 0.000000 , 73500, 0.729253 
C#, selectionsort_50000.sh, 50000, 13.199402 , 5.597046 , 0.010376 , 0.000000 , 65736, 0.664021 
C#, selectionsort_100000.sh, 100000, 14.355835 , 6.075073 , 0.014771 , 0.000000 , 73196, 0.722151 
Go, bubblesort_50000.sh, 50000, 3.749939 , 1.451111 , 0.013794 , 0.000000 , 55448, 0.196886 
Go, bubblesort_100000.sh, 100000, 4.618896 , 1.397766 , 0.009277 , 0.000000 , 56648, 0.27902 
Go, cyclesort_50000.sh, 50000, 3.295776 , 1.243652 , 0.010254 , 0.000000 , 56180, 0.175175 
Go, cyclesort_100000.sh, 100000, 3.938049 , 1.426575 , 0.008118 , 0.000000 , 56504, 0.215984 
Go, heapsort_50000.sh, 50000, 3.164612 , 1.237366 , 0.008911 , 0.000000 , 55336, 0.165946 
Go, heapsort_100000.sh, 100000, 3.769104 , 1.480042 , 0.009216 , 0.000000 , 58012, 0.196901 
Go, insertionsort_50000.sh, 50000, 3.583313 , 1.476257 , 0.008545 , 0.000000 , 55240, 0.180528 
Go, insertionsort_100000.sh, 100000, 4.105408 , 1.454163 , 0.013733 , 0.000000 , 56844, 0.228054 
Go, mergesort_50000.sh, 50000, 3.738159 , 1.348328 , 0.009460 , 0.000000 , 54736, 0.206163 
Go, mergesort_100000.sh, 100000, 3.848755 , 1.471497 , 0.010986 , 0.000000 , 57560, 0.203299 
Go, oddevensort_50000.sh, 50000, 3.420288 , 1.190491 , 0.012146 , 0.000000 , 56992, 0.192398 
Go, oddevensort_100000.sh, 100000, 3.152100 , 1.153320 , 0.008545 , 0.000000 , 57856, 0.171819 
Go, quicksort_50000.sh, 50000, 3.131531 , 1.217712 , 0.008423 , 0.000000 , 57360, 0.165441 
Go, quicksort_100000.sh, 100000, 4.244751 , 1.429810 , 0.011292 , 0.000000 , 55988, 0.241284 
Go, selectionsort_50000.sh, 50000, 3.645752 , 1.487366 , 0.009705 , 0.000000 , 56720, 0.186061 
Go, selectionsort_100000.sh, 100000, 4.444458 , 1.786011 , 0.007507 , 0.000000 , 55824, 0.230042 
Haskell, bubblesort_50000.sh, 50000, 559.317566 , 231.616577 , 0.227417 , 0.000000 , 1061148, 28.1166 
Haskell, bubblesort_100000.sh, 100000, 1124.460876 , 465.320618 , 0.457825 , 0.000000 , 1683660, 56.5177 
Haskell, cyclesort_50000.sh, 50000, 1102.846130 , 456.670227 , 0.432861 , 0.000000 , 1120064, 55.4381 
Haskell, cyclesort_100000.sh, 100000, 2261.337341 , 936.593323 , 0.823364 , 0.000000 , 1909904, 113.643 
Haskell, heapsort_50000.sh, 50000, 573.857483 , 237.948792 , 0.238342 , 0.000000 , 1005616, 28.8395 
Haskell, heapsort_100000.sh, 100000, 1135.453003 , 470.404114 , 0.415100 , 0.000000 , 1693640, 57.0645 
Haskell, insertionsort_50000.sh, 50000, 566.854675 , 234.669983 , 0.236145 , 0.000000 , 1138788, 28.4937 
Haskell, insertionsort_100000.sh, 100000, 1114.236511 , 461.022034 , 0.440918 , 0.000000 , 1882164, 56.0009 
Haskell, mergesort_50000.sh, 50000, 575.906006 , 238.756653 , 0.232788 , 0.000000 , 1057932, 28.9318 
Haskell, mergesort_100000.sh, 100000, 1163.185913 , 481.845459 , 0.437073 , 0.000000 , 2181088, 58.4529 
Haskell, oddevensort_50000.sh, 50000, 532.495300 , 220.545715 , 0.227600 , 0.000000 , 1073500, 26.7586 
Haskell, oddevensort_100000.sh, 100000, 1068.408264 , 442.358398 , 0.431458 , 0.000000 , 1907312, 53.6893 
Haskell, quicksort_50000.sh, 50000, 561.807251 , 232.637390 , 0.244629 , 0.000000 , 1072248, 28.2488 
Haskell, quicksort_100000.sh, 100000, 1121.129639 , 464.344177 , 0.371887 , 0.000000 , 1714292, 56.3712 
Haskell, selectionsort_50000.sh, 50000, 600.845215 , 248.821838 , 0.256165 , 0.000000 , 1021556, 30.2029 
Haskell, selectionsort_100000.sh, 100000, 1228.587646 , 509.070190 , 0.463135 , 0.000000 , 2193520, 61.7335 
Rust, bubblesort_50000.sh, 50000, 446.396606 , 187.139160 , 0.195435 , 0.000000 , 2168880, 22.4321 
Rust, bubblesort_100000.sh, 100000, 918.328369 , 385.159424 , 0.355713 , 0.000000 , 4327596, 46.1484 
Rust, cyclesort_50000.sh, 50000, 442.961243 , 185.813416 , 0.190796 , 0.000000 , 2177332, 22.252 
Rust, cyclesort_100000.sh, 100000, 888.304382 , 372.378906 , 0.375671 , 0.000000 , 4322200, 44.6214 
Rust, heapsort_50000.sh, 50000, 439.962585 , 184.655640 , 0.193665 , 0.000000 , 2165700, 22.1036 
Rust, heapsort_100000.sh, 100000, 857.931030 , 359.576721 , 0.359863 , 0.000000 , 4315324, 43.0977 
Rust, insertionsort_50000.sh, 50000, 440.981262 , 184.971741 , 0.197693 , 0.000000 , 2181808, 22.1591 
Rust, insertionsort_100000.sh, 100000, 875.106323 , 366.798706 , 0.350586 , 0.000000 , 4323808, 43.9599 
Rust, mergesort_50000.sh, 50000, 448.929810 , 188.464355 , 0.189453 , 0.000000 , 2206272, 22.5484 
Rust, mergesort_100000.sh, 100000, 850.365234 , 356.326843 , 0.359314 , 0.000000 , 4355696, 42.7159 
Rust, oddevensort_50000.sh, 50000, 466.133179 , 195.619812 , 0.204895 , 0.000000 , 2174064, 23.4193 
Rust, oddevensort_100000.sh, 100000, 895.689575 , 375.372986 , 0.366211 , 0.000000 , 4317168, 44.9914 
Rust, quicksort_50000.sh, 50000, 426.290100 , 178.867310 , 0.184204 , 0.000000 , 2191680, 21.4133 
Rust, quicksort_100000.sh, 100000, 884.180298 , 371.023499 , 0.358093 , 0.000000 , 4332048, 44.4293 
Rust, selectionsort_50000.sh, 50000, 441.578796 , 185.210022 , 0.182556 , 0.000000 , 2178900, 22.1813 
Rust, selectionsort_100000.sh, 100000, 891.675049 , 373.568359 , 0.379822 , 0.000000 , 4316816, 44.8078 
Swift, bubblesort_50000.sh, 50000, 1137.778015 , 483.469971 , 0.386414 , 0.000000 , 236884, 57.1809 
Swift, bubblesort_100000.sh, 100000, 290.311157 , 120.141357 , 0.137207 , 0.000000 , 377936, 14.6485 
Swift, cyclesort_50000.sh, 50000, 1173.236572 , 498.875183 , 0.398193 , 0.000000 , 236452, 58.962 
Swift, cyclesort_100000.sh, 100000, 295.471191 , 122.630493 , 0.124756 , 0.000000 , 377980, 14.8905 
Swift, heapsort_50000.sh, 50000, 1234.755798 , 525.166199 , 0.394470 , 0.000000 , 239884, 62.0524 
Swift, heapsort_100000.sh, 100000, 321.889771 , 133.457764 , 0.147583 , 0.000000 , 381584, 16.2218 
Swift, insertionsort_50000.sh, 50000, 1147.829834 , 487.845093 , 0.412537 , 0.000000 , 237004, 57.659 
Swift, insertionsort_100000.sh, 100000, 294.280884 , 122.120483 , 0.139160 , 0.000000 , 378336, 14.8201 
Swift, mergesort_50000.sh, 50000, 1171.729370 , 498.380432 , 0.423157 , 0.000000 , 237928, 58.8588 
Swift, mergesort_100000.sh, 100000, 319.237732 , 132.346680 , 0.145203 , 0.000000 , 380012, 16.0841 
Swift, oddevensort_50000.sh, 50000, 5.883423 , 2.385376 , 0.011536 , 0.000000 , 98596, 0.30387 
Swift, oddevensort_100000.sh, 100000, 288.486206 , 119.540527 , 0.122375 , 0.000000 , 377856, 14.5411 
Swift, quicksort_50000.sh, 50000, 1226.351379 , 521.329407 , 0.437195 , 0.000000 , 237796, 61.6185 
Swift, quicksort_100000.sh, 100000, 319.995850 , 132.598389 , 0.144226 , 0.000000 , 379780, 16.1353 
Swift, selectionsort_50000.sh, 50000, 1136.985229 , 483.231812 , 0.375549 , 0.000000 , 236988, 57.1114 
Swift, selectionsort_100000.sh, 100000, 293.176514 , 121.474426 , 0.129578 , 0.000000 , 378460, 14.7871 
C, bubblesort_100000.sh, 100000, 4.990784 , 2.014282 , 0.015381 , 0.000000 , 52036, 0.259465 
C, cyclesort_100000.sh, 100000, 5.259583 , 2.140808 , 0.019104 , 0.000000 , 52592, 0.270071 
C, heapsort_100000.sh, 100000, 5.120422 , 2.156067 , 0.016235 , 0.000000 , 51916, 0.258787 
C, insertionsort_100000.sh, 100000, 4.855347 , 2.040588 , 0.015259 , 0.000000 , 51300, 0.245359 
C, mergesort_100000.sh, 100000, 5.338867 , 2.247864 , 0.014526 , 0.000000 , 53484, 0.267928 
C, oddevensort_100000.sh, 100000, 4.832703 , 2.030151 , 0.019714 , 0.000000 , 52504, 0.243518 
C, quicksort_100000.sh, 100000, 5.302917 , 2.213440 , 0.020569 , 0.000000 , 52172, 0.267077 
C, selectionsort_100000.sh, 100000, 4.665039 , 1.973572 , 0.017883 , 0.000000 , 51752, 0.232679 
C++, bubblesort_100000.sh, 100000, 14.414978 , 6.084290 , 0.026978 , 0.000000 , 116548, 0.723897 
C++, cyclesort_100000.sh, 100000, 14.859192 , 6.287537 , 0.018250 , 0.000000 , 116372, 0.747625 
C++, heapsort_100000.sh, 100000, 14.987122 , 6.264526 , 0.025635 , 0.000000 , 116012, 0.758321 
C++, insertionsort_100000.sh, 100000, 14.541504 , 6.094666 , 0.019531 , 0.000000 , 115972, 0.736231 
C++, mergesort_100000.sh, 100000, 15.711853 , 6.613037 , 0.030457 , 0.000000 , 117664, 0.791041 
C++, oddevensort_100000.sh, 100000, 14.888977 , 6.264282 , 0.017273 , 0.000000 , 116604, 0.750544 
C++, quicksort_100000.sh, 100000, 14.706360 , 6.188477 , 0.019104 , 0.000000 , 114552, 0.740023 
C++, selectionsort_100000.sh, 100000, 14.814087 , 6.245667 , 0.020264 , 0.000000 , 115492, 0.746415 
C#, bubblesort_100000.sh, 100000, 14.710144 , 6.187561 , 0.022827 , 0.000000 , 73560, 0.741822 
C#, cyclesort_100000.sh, 100000, 14.801208 , 6.228943 , 0.023743 , 0.000000 , 71300, 0.745996 
C#, heapsort_100000.sh, 100000, 14.704651 , 6.204590 , 0.016846 , 0.000000 , 71464, 0.741556 
C#, insertionsort_100000.sh, 100000, 14.737549 , 6.219727 , 0.013855 , 0.000000 , 71416, 0.741514 
C#, mergesort_100000.sh, 100000, 14.765625 , 6.198975 , 0.021606 , 0.000000 , 73588, 0.745712 
C#, oddevensort_100000.sh, 100000, 14.771118 , 6.221924 , 0.023132 , 0.000000 , 71400, 0.743682 
C#, quicksort_100000.sh, 100000, 14.676758 , 6.158447 , 0.013550 , 0.000000 , 73452, 0.741182 
C#, selectionsort_100000.sh, 100000, 14.489563 , 6.116455 , 0.010681 , 0.000000 , 73544, 0.73071 
Go, bubblesort_100000.sh, 100000, 3.756653 , 1.437866 , 0.011475 , 0.000000 , 57396, 0.199111 
Go, cyclesort_100000.sh, 100000, 3.512512 , 1.311829 , 0.008423 , 0.000000 , 57948, 0.190164 
Go, heapsort_100000.sh, 100000, 3.190369 , 1.240601 , 0.010376 , 0.000000 , 57736, 0.168396 
Go, insertionsort_100000.sh, 100000, 3.678833 , 1.445007 , 0.008301 , 0.000000 , 56940, 0.191085 
Go, mergesort_100000.sh, 100000, 3.706482 , 1.450012 , 0.010681 , 0.000000 , 57452, 0.193949 
Go, oddevensort_100000.sh, 100000, 3.460815 , 1.258911 , 0.012634 , 0.000000 , 57744, 0.188778 
Go, quicksort_100000.sh, 100000, 3.213196 , 1.292114 , 0.008545 , 0.000000 , 55752, 0.164298 
Go, selectionsort_100000.sh, 100000, 3.642090 , 1.484741 , 0.011597 , 0.000000 , 55132, 0.184867 
Haskell, bubblesort_100000.sh, 100000, 1129.486572 , 467.843445 , 0.435608 , 0.000000 , 1687300, 56.7714 
Haskell, cyclesort_100000.sh, 100000, 2258.046936 , 934.455688 , 0.793640 , 0.000000 , 2462452, 113.494 
Haskell, heapsort_100000.sh, 100000, 1129.958252 , 468.125732 , 0.434509 , 0.000000 , 1687116, 56.8053 
Haskell, insertionsort_100000.sh, 100000, 1159.749023 , 480.503357 , 0.429443 , 0.000000 , 2084992, 58.2925 
Haskell, mergesort_100000.sh, 100000, 1154.087585 , 477.624451 , 0.470703 , 0.000000 , 2067764, 57.9988 
Haskell, oddevensort_100000.sh, 100000, 1076.149048 , 445.615234 , 0.433228 , 0.000000 , 1939760, 54.0757 
Haskell, quicksort_100000.sh, 100000, 1130.053833 , 467.430176 , 0.464722 , 0.000000 , 1950472, 56.816 
Haskell, selectionsort_100000.sh, 100000, 1227.549011 , 508.465271 , 0.465576 , 0.000000 , 2192388, 61.7026 
Rust, bubblesort_100000.sh, 100000, 873.103394 , 365.874207 , 0.373413 , 0.000000 , 4327784, 43.8657 
Rust, cyclesort_100000.sh, 100000, 922.489868 , 386.794922 , 0.372925 , 0.000000 , 4317672, 46.3481 
Rust, heapsort_100000.sh, 100000, 861.740784 , 361.138977 , 0.366211 , 0.000000 , 4315276, 43.286 
Rust, insertionsort_100000.sh, 100000, 885.702759 , 371.405579 , 0.365967 , 0.000000 , 4319508, 44.4867 
Rust, mergesort_100000.sh, 100000, 872.585754 , 366.127808 , 0.365112 , 0.000000 , 4354112, 43.8313 
Rust, oddevensort_100000.sh, 100000, 893.243286 , 374.435913 , 0.362000 , 0.000000 , 4321048, 44.8811 
Rust, quicksort_100000.sh, 100000, 854.038818 , 358.313049 , 0.316467 , 0.000000 , 4341656, 42.9044 
Rust, selectionsort_100000.sh, 100000, 879.403870 , 368.610779 , 0.358643 , 0.000000 , 4312892, 44.1747 
Swift, bubblesort_100000.sh, 100000, 294.330688 , 121.856384 , 0.139282 , 0.000000 , 378124, 14.8543 
Swift, cyclesort_100000.sh, 100000, 288.470093 , 119.159424 , 0.122864 , 0.000000 , 377584, 14.578 
Swift, heapsort_100000.sh, 100000, 325.487000 , 135.069580 , 0.148071 , 0.000000 , 381612, 16.4027 
Swift, insertionsort_100000.sh, 100000, 294.030640 , 122.043518 , 0.128418 , 0.000000 , 378216, 14.8188 
Swift, mergesort_100000.sh, 100000, 320.413025 , 132.877136 , 0.135437 , 0.000000 , 379896, 16.1576 
Swift, oddevensort_100000.sh, 100000, 287.886597 , 119.435913 , 0.117981 , 0.000000 , 377820, 14.5061 
Swift, quicksort_100000.sh, 100000, 319.351074 , 132.355896 , 0.146118 , 0.000000 , 379856, 16.0961 
Swift, selectionsort_100000.sh, 100000, 288.346741 , 119.456909 , 0.138306 , 0.000000 , 378276, 14.5362 
C, bubblesort_100000.sh, 100000, 4.888489 , 2.029175 , 0.012329 , 0.000000 , 51940, 0.249197 
C, cyclesort_100000.sh, 100000, 5.157776 , 2.125122 , 0.014954 , 0.000000 , 52428, 0.264202 
C, heapsort_100000.sh, 100000, 5.130249 , 2.129333 , 0.016479 , 0.000000 , 52072, 0.259751 
C, insertionsort_100000.sh, 100000, 4.905457 , 2.032349 , 0.020264 , 0.000000 , 51236, 0.247952 
C, mergesort_100000.sh, 100000, 5.364929 , 2.169739 , 0.015198 , 0.000000 , 53328, 0.27852 
C, oddevensort_100000.sh, 100000, 5.110107 , 2.118164 , 0.016235 , 0.000000 , 52580, 0.258298 
C, quicksort_100000.sh, 100000, 5.361572 , 2.179688 , 0.023621 , 0.000000 , 52000, 0.274915 
C, selectionsort_100000.sh, 100000, 5.023193 , 2.068909 , 0.016113 , 0.000000 , 51936, 0.255706 
C++, bubblesort_100000.sh, 100000, 14.615723 , 6.119202 , 0.023499 , 0.000000 , 116424, 0.738629 
C++, cyclesort_100000.sh, 100000, 14.763306 , 6.217102 , 0.021667 , 0.000000 , 114844, 0.745233 
C++, heapsort_100000.sh, 100000, 14.896790 , 6.212646 , 0.020630 , 0.000000 , 114700, 0.754068 
C++, insertionsort_100000.sh, 100000, 14.572021 , 6.146545 , 0.025696 , 0.000000 , 115772, 0.731773 
C++, mergesort_100000.sh, 100000, 15.652588 , 6.502991 , 0.029724 , 0.000000 , 117488, 0.796128 
C++, oddevensort_100000.sh, 100000, 14.735718 , 6.177124 , 0.015625 , 0.000000 , 116084, 0.745869 
C++, quicksort_100000.sh, 100000, 14.607178 , 6.112427 , 0.017761 , 0.000000 , 115988, 0.739366 
C++, selectionsort_100000.sh, 100000, 14.659302 , 6.137939 , 0.028442 , 0.000000 , 116224, 0.739818 
C#, bubblesort_100000.sh, 100000, 14.596191 , 6.141296 , 0.023865 , 0.000000 , 71456, 0.735957 
C#, cyclesort_100000.sh, 100000, 14.553162 , 6.132751 , 0.012451 , 0.000000 , 73532, 0.734521 
C#, heapsort_100000.sh, 100000, 14.585510 , 6.133667 , 0.012268 , 0.000000 , 73456, 0.738662 
C#, insertionsort_100000.sh, 100000, 14.719238 , 6.212769 , 0.024231 , 0.000000 , 73352, 0.73948 
C#, mergesort_100000.sh, 100000, 14.695007 , 6.169312 , 0.023560 , 0.000000 , 71572, 0.742092 
C#, oddevensort_100000.sh, 100000, 14.390259 , 6.108582 , 0.013550 , 0.000000 , 73496, 0.723423 
C#, quicksort_100000.sh, 100000, 14.287476 , 6.066101 , 0.010498 , 0.000000 , 73584, 0.717412 
C#, selectionsort_100000.sh, 100000, 14.566284 , 6.119141 , 0.025208 , 0.000000 , 69336, 0.735265 
Go, bubblesort_100000.sh, 100000, 3.288147 , 1.242676 , 0.008606 , 0.000000 , 58056, 0.175883 
Go, cyclesort_100000.sh, 100000, 3.562317 , 1.474731 , 0.009521 , 0.000000 , 55544, 0.178039 
Go, heapsort_100000.sh, 100000, 3.791626 , 1.445312 , 0.010681 , 0.000000 , 55876, 0.201682 
Go, insertionsort_100000.sh, 100000, 3.333557 , 1.281555 , 0.010010 , 0.000000 , 57804, 0.17571 
Go, mergesort_100000.sh, 100000, 3.300232 , 1.288147 , 0.008240 , 0.000000 , 57520, 0.172716 
Go, oddevensort_100000.sh, 100000, 3.715393 , 1.447388 , 0.008789 , 0.000000 , 55464, 0.194588 
Go, quicksort_100000.sh, 100000, 3.791565 , 1.397644 , 0.012024 , 0.000000 , 57228, 0.206018 
Go, selectionsort_100000.sh, 100000, 3.525330 , 1.378296 , 0.010315 , 0.000000 , 55044, 0.185042 
Haskell, bubblesort_100000.sh, 100000, 1125.119690 , 465.973572 , 0.416626 , 0.000000 , 2012212, 56.5663 
Haskell, cyclesort_100000.sh, 100000, 2276.164734 , 941.963196 , 0.774048 , 0.000000 , 2133712, 114.43 
Haskell, heapsort_100000.sh, 100000, 1146.114502 , 474.508301 , 0.422974 , 0.000000 , 1693452, 57.61 
Haskell, insertionsort_100000.sh, 100000, 1157.800659 , 479.221069 , 0.441711 , 0.000000 , 2110616, 58.2008 
Haskell, mergesort_100000.sh, 100000, 1159.392090 , 480.174927 , 0.467896 , 0.000000 , 2061364, 58.2548 
Haskell, oddevensort_100000.sh, 100000, 1068.815002 , 442.503418 , 0.424927 , 0.000000 , 1858412, 53.7184 
Haskell, quicksort_100000.sh, 100000, 1123.879761 , 465.496338 , 0.417603 , 0.000000 , 1684548, 56.5008 
Haskell, selectionsort_100000.sh, 100000, 1219.750732 , 505.099915 , 0.465027 , 0.000000 , 2196668, 61.2978 
Rust, bubblesort_100000.sh, 100000, 875.014832 , 366.611633 , 0.366028 , 0.000000 , 4320656, 43.9515 
Rust, cyclesort_100000.sh, 100000, 896.863708 , 375.871521 , 0.390137 , 0.000000 , 4315840, 45.0475 
Rust, heapsort_100000.sh, 100000, 895.550537 , 375.721558 , 0.380005 , 0.000000 , 4309380, 44.9958 
Rust, insertionsort_100000.sh, 100000, 859.028870 , 359.918457 , 0.364807 , 0.000000 , 4314960, 43.1558 
Rust, mergesort_100000.sh, 100000, 891.807312 , 373.905457 , 0.371033 , 0.000000 , 4378380, 44.811 
Rust, oddevensort_100000.sh, 100000, 901.803223 , 377.855652 , 0.381592 , 0.000000 , 4307564, 45.303 
Rust, quicksort_100000.sh, 100000, 889.307922 , 373.096069 , 0.367004 , 0.000000 , 4335548, 44.6766 
Rust, selectionsort_100000.sh, 100000, 874.228333 , 366.232483 , 0.368347 , 0.000000 , 4314468, 43.916 
Swift, bubblesort_100000.sh, 100000, 289.040649 , 119.843994 , 0.127625 , 0.000000 , 378240, 14.5663 
Swift, cyclesort_100000.sh, 100000, 294.099548 , 122.020874 , 0.133972 , 0.000000 , 378144, 14.818 
Swift, heapsort_100000.sh, 100000, 323.279480 , 134.143555 , 0.145264 , 0.000000 , 381696, 16.2879 
Swift, insertionsort_100000.sh, 100000, 290.500671 , 120.454346 , 0.144592 , 0.000000 , 378348, 14.6401 
Swift, mergesort_100000.sh, 100000, 321.065674 , 133.067139 , 0.151062 , 0.000000 , 379812, 16.1897 
Swift, oddevensort_100000.sh, 100000, 289.971985 , 120.222168 , 0.128906 , 0.000000 , 377732, 14.6183 
Swift, quicksort_100000.sh, 100000, 318.150757 , 131.991394 , 0.139465 , 0.000000 , 379780, 16.0351 
Swift, selectionsort_100000.sh, 100000, 290.219116 , 120.213806 , 0.122070 , 0.000000 , 378520, 14.6485 
C, bubblesort_100000.sh, 100000, 4.707336 , 1.956177 , 0.016357 , 0.000000 , 51944, 0.23927 
C, cyclesort_100000.sh, 100000, 5.344727 , 2.163818 , 0.029175 , 0.000000 , 52332, 0.273993 
C, heapsort_100000.sh, 100000, 5.157288 , 2.155640 , 0.014771 , 0.000000 , 51804, 0.260857 
C, insertionsort_100000.sh, 100000, 4.913635 , 2.033936 , 0.015808 , 0.000000 , 51172, 0.249664 
C, mergesort_100000.sh, 100000, 5.464172 , 2.266113 , 0.020203 , 0.000000 , 53024, 0.275378 
C, oddevensort_100000.sh, 100000, 5.013428 , 2.041382 , 0.011414 , 0.000000 , 52300, 0.25725 
C, quicksort_100000.sh, 100000, 5.200256 , 2.188293 , 0.010803 , 0.000000 , 52160, 0.261811 
C, selectionsort_100000.sh, 100000, 4.962585 , 2.069702 , 0.011414 , 0.000000 , 51612, 0.250315 
C++, bubblesort_100000.sh, 100000, 14.595215 , 6.115906 , 0.021179 , 0.000000 , 115188, 0.737071 
C++, cyclesort_100000.sh, 100000, 15.008911 , 6.315247 , 0.022400 , 0.000000 , 115228, 0.756801 
C++, heapsort_100000.sh, 100000, 14.879211 , 6.234070 , 0.020569 , 0.000000 , 114752, 0.75327 
C++, insertionsort_100000.sh, 100000, 14.404602 , 6.107788 , 0.015930 , 0.000000 , 114052, 0.722456 
C++, mergesort_100000.sh, 100000, 15.776123 , 6.626953 , 0.031189 , 0.000000 , 116476, 0.796376 
C++, oddevensort_100000.sh, 100000, 14.894165 , 6.284546 , 0.030701 , 0.000000 , 117248, 0.748144 
C++, quicksort_100000.sh, 100000, 14.575562 , 6.133972 , 0.032593 , 0.000000 , 118232, 0.731002 
C++, selectionsort_100000.sh, 100000, 14.360779 , 6.032532 , 0.015869 , 0.000000 , 118556, 0.72577 
C#, bubblesort_100000.sh, 100000, 14.641968 , 6.149963 , 0.021729 , 0.000000 , 69592, 0.741558 
C#, cyclesort_100000.sh, 100000, 14.702148 , 6.178345 , 0.020020 , 0.000000 , 73312, 0.74309 
C#, heapsort_100000.sh, 100000, 14.578674 , 6.170227 , 0.014404 , 0.000000 , 71264, 0.733933 
C#, insertionsort_100000.sh, 100000, 14.160706 , 5.995850 , 0.009338 , 0.000000 , 73492, 0.714353 
C#, mergesort_100000.sh, 100000, 14.507263 , 6.146118 , 0.012451 , 0.000000 , 73508, 0.729199 
C#, oddevensort_100000.sh, 100000, 14.543701 , 6.147522 , 0.014221 , 0.000000 , 75644, 0.73114 
C#, quicksort_100000.sh, 100000, 14.612244 , 6.173279 , 0.019897 , 0.000000 , 71316, 0.734225 
C#, selectionsort_100000.sh, 100000, 14.592773 , 6.147217 , 0.008728 , 0.000000 , 73344, 0.737211 
Go, bubblesort_100000.sh, 100000, 3.655640 , 1.488220 , 0.014282 , 0.000000 , 57540, 0.186174 
Go, cyclesort_100000.sh, 100000, 3.726807 , 1.406311 , 0.008301 , 0.000000 , 59640, 0.198482 
Go, heapsort_100000.sh, 100000, 3.164734 , 1.132629 , 0.007996 , 0.000000 , 57964, 0.174199 
Go, insertionsort_100000.sh, 100000, 3.515442 , 1.356262 , 0.008484 , 0.000000 , 56692, 0.184291 
Go, mergesort_100000.sh, 100000, 3.682861 , 1.432922 , 0.011169 , 0.000000 , 55412, 0.192491 
Go, oddevensort_100000.sh, 100000, 3.653381 , 1.399170 , 0.022583 , 0.000000 , 56156, 0.191477 
Go, quicksort_100000.sh, 100000, 3.371826 , 1.255554 , 0.010864 , 0.000000 , 55272, 0.181227 
Go, selectionsort_100000.sh, 100000, 3.444641 , 1.239685 , 0.008118 , 0.000000 , 58152, 0.190202 
Haskell, bubblesort_100000.sh, 100000, 1111.034241 , 460.204773 , 0.402588 , 0.000000 , 1745744, 55.844 
Haskell, cyclesort_100000.sh, 100000, 2265.363098 , 937.500305 , 0.840454 , 0.000000 , 2537752, 113.854 
Haskell, heapsort_100000.sh, 100000, 1126.277100 , 466.450195 , 0.410278 , 0.000000 , 1873192, 56.6202 
Haskell, insertionsort_100000.sh, 100000, 1130.281738 , 467.800537 , 0.460693 , 0.000000 , 1697952, 56.7943 
Haskell, mergesort_100000.sh, 100000, 1140.743835 , 472.063660 , 0.432678 , 0.000000 , 1898948, 57.3321 
Haskell, oddevensort_100000.sh, 100000, 1058.549377 , 438.102051 , 0.408630 , 0.000000 , 1887944, 53.2029 
Haskell, quicksort_100000.sh, 100000, 1121.784729 , 464.559692 , 0.423340 , 0.000000 , 1919216, 56.3866 
Haskell, selectionsort_100000.sh, 100000, 1183.148254 , 489.656067 , 0.467590 , 0.000000 , 1748096, 59.4566 
Rust, bubblesort_100000.sh, 100000, 919.553772 , 385.420715 , 0.385986 , 0.000000 , 4323612, 46.2027 
Rust, cyclesort_100000.sh, 100000, 870.413025 , 364.886414 , 0.353455 , 0.000000 , 4335368, 43.7279 
Rust, heapsort_100000.sh, 100000, 901.868774 , 378.179626 , 0.365845 , 0.000000 , 4313720, 45.3167 
Rust, insertionsort_100000.sh, 100000, 862.338257 , 361.522949 , 0.343262 , 0.000000 , 4317764, 43.3218 
Rust, mergesort_100000.sh, 100000, 846.422302 , 355.077820 , 0.356384 , 0.000000 , 4379056, 42.524 
Rust, oddevensort_100000.sh, 100000, 883.089111 , 370.039612 , 0.375488 , 0.000000 , 4331132, 44.3616 
Rust, quicksort_100000.sh, 100000, 847.406799 , 355.488403 , 0.333862 , 0.000000 , 4345200, 42.552 
Rust, selectionsort_100000.sh, 100000, 885.786316 , 371.466492 , 0.360962 , 0.000000 , 4313428, 44.4866 
Swift, bubblesort_100000.sh, 100000, 289.545715 , 120.121033 , 0.120605 , 0.000000 , 378028, 14.5899 
Swift, cyclesort_100000.sh, 100000, 295.128906 , 122.156067 , 0.125793 , 0.000000 , 378124, 14.9048 
Swift, heapsort_100000.sh, 100000, 327.962830 , 136.115112 , 0.140015 , 0.000000 , 381644, 16.5284 
Swift, insertionsort_100000.sh, 100000, 294.302856 , 122.008911 , 0.134033 , 0.000000 , 378096, 14.8409 
Swift, mergesort_100000.sh, 100000, 320.841980 , 132.894104 , 0.144531 , 0.000000 , 379960, 16.1795 
Swift, oddevensort_100000.sh, 100000, 288.769470 , 119.534973 , 0.137451 , 0.000000 , 377884, 14.5698 
Swift, quicksort_100000.sh, 100000, 325.057861 , 134.683472 , 0.125183 , 0.000000 , 379612, 16.4024 
Swift, selectionsort_100000.sh, 100000, 289.610718 , 119.914856 , 0.140991 , 0.000000 , 378396, 14.6051 
C, bubblesort_100000.sh, 100000, 4.997498 , 2.060364 , 0.018860 , 0.000000 , 52068, 0.255466 
C, cyclesort_100000.sh, 100000, 5.186462 , 2.147888 , 0.015442 , 0.000000 , 52432, 0.26263 
C, heapsort_100000.sh, 100000, 5.090027 , 2.135803 , 0.015808 , 0.000000 , 52072, 0.256524 
C, insertionsort_100000.sh, 100000, 4.930237 , 2.025513 , 0.015747 , 0.000000 , 51304, 0.251589 
C, mergesort_100000.sh, 100000, 5.356140 , 2.197144 , 0.017761 , 0.000000 , 53388, 0.273889 
C, oddevensort_100000.sh, 100000, 5.097351 , 2.039856 , 0.013367 , 0.000000 , 52300, 0.264552 
C, quicksort_100000.sh, 100000, 5.520752 , 2.271423 , 0.018738 , 0.000000 , 52068, 0.281929 
C, selectionsort_100000.sh, 100000, 5.003052 , 2.080200 , 0.016052 , 0.000000 , 51936, 0.254045 
C++, bubblesort_100000.sh, 100000, 14.590332 , 6.139343 , 0.019714 , 0.000000 , 117400, 0.737727 
C++, cyclesort_100000.sh, 100000, 14.867554 , 6.247559 , 0.024658 , 0.000000 , 117460, 0.750151 
C++, heapsort_100000.sh, 100000, 14.790833 , 6.156250 , 0.020813 , 0.000000 , 118132, 0.750916 
C++, insertionsort_100000.sh, 100000, 14.628723 , 6.116089 , 0.021118 , 0.000000 , 116856, 0.740476 
C++, mergesort_100000.sh, 100000, 15.646973 , 6.574585 , 0.020325 , 0.000000 , 119180, 0.78924 
C++, oddevensort_100000.sh, 100000, 14.618896 , 6.120605 , 0.024597 , 0.000000 , 118916, 0.739388 
C++, quicksort_100000.sh, 100000, 14.748535 , 6.222473 , 0.019348 , 0.000000 , 116908, 0.741773 
C++, selectionsort_100000.sh, 100000, 14.858704 , 6.273010 , 0.028137 , 0.000000 , 118108, 0.745696 
C#, bubblesort_100000.sh, 100000, 14.419739 , 6.103699 , 0.013428 , 0.000000 , 71500, 0.726129 
C#, cyclesort_100000.sh, 100000, 14.410217 , 6.066467 , 0.016785 , 0.000000 , 73616, 0.727338 
C#, heapsort_100000.sh, 100000, 14.433716 , 6.055237 , 0.013672 , 0.000000 , 71528, 0.730878 
C#, insertionsort_100000.sh, 100000, 14.358398 , 6.053955 , 0.021484 , 0.000000 , 71528, 0.724105 
C#, mergesort_100000.sh, 100000, 14.521301 , 6.118713 , 0.014160 , 0.000000 , 71664, 0.733342 
C#, oddevensort_100000.sh, 100000, 14.445984 , 6.122253 , 0.017212 , 0.000000 , 73712, 0.724446 
C#, quicksort_100000.sh, 100000, 14.462402 , 6.130859 , 0.010742 , 0.000000 , 73188, 0.728376 
C#, selectionsort_100000.sh, 100000, 14.532043 , 6.149170 , 0.021057 , 0.000000 , 77544, 0.731724 
Go, bubblesort_100000.sh, 100000, 3.678894 , 1.445129 , 0.009216 , 0.000000 , 57280, 0.191435 
Go, cyclesort_100000.sh, 100000, 3.746094 , 1.458069 , 0.015381 , 0.000000 , 58064, 0.195752 
Go, heapsort_100000.sh, 100000, 3.205383 , 1.259338 , 0.008423 , 0.000000 , 58132, 0.1661 
Go, insertionsort_100000.sh, 100000, 3.336426 , 1.357117 , 0.008179 , 0.000000 , 55584, 0.169281 
Go, mergesort_100000.sh, 100000, 3.647156 , 1.501709 , 0.008118 , 0.000000 , 57904, 0.185513 
Go, oddevensort_100000.sh, 100000, 3.442017 , 1.382690 , 0.010498 , 0.000000 , 56764, 0.177051 
Go, quicksort_100000.sh, 100000, 3.110168 , 1.215820 , 0.008301 , 0.000000 , 58192, 0.162508 
Go, selectionsort_100000.sh, 100000, 3.542786 , 1.470276 , 0.011658 , 0.000000 , 56176, 0.178344 
Haskell, bubblesort_100000.sh, 100000, 1113.259949 , 460.861511 , 0.430725 , 0.000000 , 1689636, 55.9649 
Haskell, cyclesort_100000.sh, 100000, 2239.367371 , 927.003784 , 0.802612 , 0.000000 , 2045036, 112.531 
Haskell, heapsort_100000.sh, 100000, 1135.790710 , 470.833008 , 0.410339 , 0.000000 , 1693768, 57.0794 
Haskell, insertionsort_100000.sh, 100000, 1143.988708 , 473.690613 , 0.437134 , 0.000000 , 2087544, 57.5114 
Haskell, mergesort_100000.sh, 100000, 1137.214905 , 470.372559 , 0.475281 , 0.000000 , 1823792, 57.1578 
Haskell, oddevensort_100000.sh, 100000, 1064.189392 , 440.475647 , 0.415894 , 0.000000 , 1908800, 53.477 
Haskell, quicksort_100000.sh, 100000, 1101.945190 , 456.270752 , 0.438599 , 0.000000 , 1933420, 55.3814 
Haskell, selectionsort_100000.sh, 100000, 1215.787476 , 503.384888 , 0.494141 , 0.000000 , 2162988, 61.0981 
Rust, bubblesort_100000.sh, 100000, 889.584961 , 372.964905 , 0.373962 , 0.000000 , 4337140, 44.6903 
Rust, cyclesort_100000.sh, 100000, 917.546997 , 384.547424 , 0.382080 , 0.000000 , 4318448, 46.1087 
Rust, heapsort_100000.sh, 100000, 901.260132 , 377.904175 , 0.384888 , 0.000000 , 4310956, 45.2701 
Rust, insertionsort_100000.sh, 100000, 907.714355 , 380.542114 , 0.356812 , 0.000000 , 4315208, 45.6137 
Rust, mergesort_100000.sh, 100000, 847.269897 , 355.172668 , 0.349182 , 0.000000 , 4362684, 42.5659 
Rust, oddevensort_100000.sh, 100000, 892.194946 , 374.306458 , 0.334778 , 0.000000 , 4315816, 44.8034 
Rust, quicksort_100000.sh, 100000, 847.088806 , 355.664124 , 0.340210 , 0.000000 , 4337532, 42.5423 
Rust, selectionsort_100000.sh, 100000, 868.032288 , 363.860535 , 0.363159 , 0.000000 , 4317620, 43.6062 
Swift, bubblesort_100000.sh, 100000, 288.987549 , 119.498413 , 0.123108 , 0.000000 , 378048, 14.5938 
Swift, cyclesort_100000.sh, 100000, 288.285217 , 119.378662 , 0.138611 , 0.000000 , 377976, 14.5369 
Swift, heapsort_100000.sh, 100000, 327.496704 , 135.604797 , 0.134033 , 0.000000 , 381532, 16.5365 
Swift, insertionsort_100000.sh, 100000, 288.737854 , 119.634827 , 0.136963 , 0.000000 , 378160, 14.5547 
Swift, mergesort_100000.sh, 100000, 319.314636 , 132.085266 , 0.140320 , 0.000000 , 379924, 16.1211 
Swift, oddevensort_100000.sh, 100000, 294.773499 , 122.056274 , 0.128174 , 0.000000 , 377944, 14.8764 
Swift, quicksort_100000.sh, 100000, 325.557922 , 135.004883 , 0.136780 , 0.000000 , 379660, 16.4163 
Swift, selectionsort_100000.sh, 100000, 288.808777 , 119.610168 , 0.140320 , 0.000000 , 378232, 14.5631 
